unique_id,cluster,full_name,first_and_surname,first_name,surname,dob,birth_place,postcode_fake,gender,occupation
Q2296770-1,Q2296770,"thomas clifford, 1st baron clifford of chudleigh",thomas chudleigh,thomas,chudleigh,1630-08-01,devon,tq13 8df,male,politician
Q2296770-2,Q2296770,thomas of chudleigh,thomas chudleigh,thomas,chudleigh,1630-08-01,devon,tq13 8df,male,politician
Q2296770-3,Q2296770,tom 1st baron clifford of chudleigh,tom chudleigh,tom,chudleigh,1630-08-01,devon,tq13 8df,male,politician
Q2296770-4,Q2296770,thomas 1st chudleigh,thomas chudleigh,thomas,chudleigh,1630-08-01,devon,tq13 8hu,,politician
Q2296770-5,Q2296770,"thomas clifford, 1st baron chudleigh",thomas chudleigh,thomas,chudleigh,1630-08-01,devon,tq13 8df,,politician
Q2296770-6,Q2296770,thomas clifford of chudleigh,thomas chudleigh,thomas,chudleigh,1630-08-01,west devon,tq13 8df,male,politician
Q2296770-7,Q2296770,tom baron chudleigh,tom chudleigh,tom,chudleigh,1630-08-01,west devon,tq13 8df,,
Q2296770-8,Q2296770,"tom clifford, of chudleigh",tom chudleigh,tom,chudleigh,,devon,tq13 8df,male,politician
Q2296770-9,Q2296770,"thomas clifford, chudleigh",thomas chudleigh,thomas,chudleigh,1630-05-01,,,,politician
Q2296770-10,Q2296770,"thomas clifford, baron chudleigh",thomas chudleigh,thomas,chudleigh,,devon,tq13 8jr,male,politician
Q2296770-11,Q2296770,"thomas clifford, clifford chydleigh",thomas chydleigh,thomas,chydleigh,1630-08-11,devon,tq13 8jr,male,
Q2296770-12,Q2296770,rhomas clifford chudleigh,rhomas chudleigh,rhomas,chudleigh,1630-08-01,devon,tq13 8dg,male,politician
Q2296770-13,Q2296770,tom 1st chudleigh,tom chudleigh,tom,chudleigh,,drewsteignton,tq13 8df,male,politician
Q2296770-14,Q2296770,thomas 1st baron clifford chudleigh,thomas chudleigh,thomas,chudleigh,1638-08-01,,tq1w 8df,male,politician
Q2296770-15,Q2296770,"clifford, 1st of chudleigh","clifford, chudleigh","clifford,",chudleigh,1630-08-01,west devon,,,
Q2296770-16,Q2296770,thomzs 1st baron clifford,thomzs clifford,thomzs,clifford,1630-08-01,,tq13 8df,male,politician
Q1443188-1,Q1443188,frank edward brightman,frank brightman,frank,brightman,1856-06-18,bristol,bs2 0el,male,liturgist
Q1443188-2,Q1443188,frank edward brightman,frank brightman,frank,brightman,1856-06-18,bristol,bs2 0el,male,liturgist
Q1443188-3,Q1443188,frank brightman,frank brightman,frank,brightman,1856-06-18,"bristol, city of",bs2 0el,,liturgist
Q1443188-4,Q1443188,francis ed brightman,francis brightman,francis,brightman,1856-06-18,,bs2 0el,male,liturgist
Q1443188-5,Q1443188,francis edward brightman,francis brightman,francis,brightman,1856-86-18,"bristol, city of",cf83 4jg,female,liturgist
Q1443188-6,Q1443188,feank brightman,feank brightman,feank,brightman,,"bristol, city of",bs2 0el,male,liturgist
Q90404618-1,Q90404618,emlie clifford,emlie clifford,emlie,clifford,1861-01-01,wychavon,wr11 7qp,female,playwright
Q90404618-2,Q90404618,emlie clifford,emlie clifford,emlie,clifford,1861-01-01,wychavon,wr11 7qp,female,playwright
Q90404618-3,Q90404618,emlie clifford,emlie clifford,emlie,clifford,1861-01-01,wychavon,wr11 7qw,female,playwright
Q90404618-4,Q90404618,emlie bennet,emlie bennet,emlie,bennet,1861-01-01,,,,
Q90404618-5,Q90404618,emlie bennet,emlie bennet,emlie,bennet,,,wr11 8qp,,
Q21464185-1,Q21464185,gerald maurice burn,gerald burn,gerald,burn,1862-04-01,london,sw1a 2bj,male,etcher
Q21464185-2,Q21464185,gerald maurice burn,gerald burn,gerald,burn,1862-04-01,london,sw1a 2bj,male,etcher
Q21464185-3,Q21464185,gerald maurice burn,gerald burn,gerald,burn,1862-05-01,london,sw1a 2bj,male,etcher
Q21464185-4,Q21464185,gerald burn,gerald burn,gerald,burn,1862-04-01,westminster,sw1a 2bj,male,
Q21464185-5,Q21464185,gerard burn,gerard burn,gerard,burn,,london,,,
Q21464185-6,Q21464185,gerald burn,gerald burn,gerald,burn,,westminster,sw1a 2bj,male,etcher
Q21464185-7,Q21464185,gerald maurice,gerald maurice,gerald,maurice,1862-04-01,westminster,,,
Q21464185-8,Q21464185,jerald mo burn,jerald burn,jerald,burn,,london,sw1a 2bj,,
Q2516590-1,Q2516590,william whitehead watts,william watts,william,watts,1860-06-07,shropshire,sy5 7nt,male,geologist
Q2516590-2,Q2516590,william whitehead watts,william watts,william,watts,1860-06-07,shropshire,sy5 7nt,male,geologist
Q2516590-3,Q2516590,william watts,william watts,william,watts,1860-06-07,shropshire,sy5 7nt,male,geologist
Q2516590-4,Q2516590,will whitehead watts,will watts,will,watts,,shropshire,sy5 7nt,male,geologist
Q2516590-5,Q2516590,william watts,william watts,william,watts,1860-06-01,frodesley,,female,geologist
Q2516590-6,Q2516590,willie watts,willie watts,willie,watts,,shropshire,,male,geologist
Q2516590-7,Q2516590,william whitehead wztts,william wztts,william,wztts,1868-06-07,shropshire,tf11 8ed,male,
Q2516590-8,Q2516590,watts,watts,watts,,1860-06-07,,sy5 7nt,male,geologist
Q2516590-9,Q2516590,william watts,william watts,william,watts,,,sy5 7nt,,
Q2516590-10,Q2516590,willy whitehead watts,willy watts,willy,watts,,,sy5 7nt,,
Q55455287-1,Q55455287,jaido morata,jaido morata,jaido,morata,1836-01-01,somerset west and taunton,ta4 2uu,male,writer
Q55455287-2,Q55455287,jaido morata,jaido morata,jaido,morata,1836-01-01,somerset west and taunton,ta4 2uu,male,writer
Q55455287-3,Q55455287,jaido morata,jaido morata,jaido,morata,1836-01-01,somerset west and taunton,ta4 2uu,male,writer
Q55455287-4,Q55455287,jaido morata,jaido morata,jaido,morata,1836-01-01,somerset west and taunton,ta4 2sz,male,writer
Q55455287-5,Q55455287,jaido morata,jaido morata,jaido,morata,1836-01-01,somerset west and taunton,ta4 2ug,male,
Q55455287-6,Q55455287,jaido morata,jaido morata,jaido,morata,1836-01-01,somerset west and taunton,,male,writer
Q55455287-7,Q55455287,jaido morata,jaido morata,jaido,morata,,wiveliscombe,ta4 2ru,male,writer
Q55455287-8,Q55455287,jaido morata,jaido morata,jaido,morata,1836-11-01,,ta4 2uu,male,writer
Q55455287-9,Q55455287,joan vickers,joan vickers,joan,vickers,1886-01-01,somerset west and taunton,ta4 2uu,male,writer
Q55455287-10,Q55455287,jaido john morata,jaido morata,jaido,morata,1836-01-01,somerset west and taunton,ta4 2uu,male,writer
Q55455287-11,Q55455287,jon vickers,jon vickers,jon,vickers,1836-21-01,somerset west and taunton,ta4 2uu,male,
Q55455287-12,Q55455287,jaido morata,jaido morata,jaido,morata,1836-01-01,somerset west and taunton,ta4 2ug,,
Q55455287-13,Q55455287,john vickers,john vickers,john,vickers,,wiveliscombe,,,
Q55455287-14,Q55455287,jean vickers,jean vickers,jean,vickers,,somerset west and taunton,ta5 2uu,male,
Q55455287-15,Q55455287,john vickers,john vickers,john,vickers,1886-01-01,somerset west and taunton,,,
Q631006-1,Q631006,moses gaster,moses gaster,moses,gaster,1856-09-17,bucharest,ex20 3pz,male,rabbi
Q631006-2,Q631006,moses gaster,moses gaster,moses,gaster,1856-09-17,bucharest,ex20 3pz,male,rabbi
Q631006-3,Q631006,musa gaster,musa gaster,musa,gaster,,,,,
Q18917156-1,Q18917156,agnes beaumont,agnes beaumont,agnes,beaumont,1652-01-01,edworth,sg18 9tb,female,defendant
Q18917156-2,Q18917156,agnes beaumont,agnes beaumont,agnes,beaumont,1652-01-01,edworth,sg18 9tb,female,defendant
Q18917156-3,Q18917156,nessie,nessie,nessie,,,edworth,sg18 9tb,female,defendant
Q18917156-4,Q18917156,agnes beaumont,agnes beaumont,agnes,beaumont,1652-01-01,edworth,sg18 8qx,female,defendant
Q18917156-5,Q18917156,agnes beaumont,agnes beaumont,agnes,beaumont,1662-01-01,,,female,
Q18917156-6,Q18917156,nessie beaumont,nessie beaumont,nessie,beaumont,1652-01-01,edworth,,female,defendant
Q18917156-7,Q18917156,agnes beaumont,agnes beaumont,agnes,beaumont,,biggleswade,sg18 9ay,,autobiographer
Q18917156-8,Q18917156,agnes bequmont,agnes bequmont,agnes,bequmont,1652-01-01,edworth,sg18 9td,female,
Q18917156-9,Q18917156,nessie,nessie,nessie,,1652-02-01,edworth,sg13 7nt,,
Q18917156-10,Q18917156,nessie,nessie,nessie,,,,sg7 5en,,
Q7795446-1,Q7795446,thomas de barry,thomas barry,thomas,barry,1560-01-01,cardiff,cf14 5gh,male,judge
Q7795446-2,Q7795446,thomas barry,thomas barry,thomas,barry,1560-01-01,cardiff,cf14 5gh,male,judge
Q7795446-3,Q7795446,thomas barry,thomas barry,thomas,barry,1560-01-01,cardiff,cf14 6tq,male,judge
Q7795446-4,Q7795446,thomas barrie,thomas barrie,thomas,barrie,,llanishen,,male,
Q7795446-5,Q7795446,tom de barry,tom barry,tom,barry,,cardiff,cf14 6tq,male,
Q7795446-6,Q7795446,thomas de barry,thomas barry,thomas,barry,,cardiff,,,judge
Q7795446-7,Q7795446,thomas barrie,thomas barrie,thomas,barrie,,,,male,
Q3750927-1,Q3750927,francis hepburn chevallier-boutell,francis chevallier-boutell,francis,chevallier-boutell,1851-06-08,aspall,ip14 6jf,male,engineer
Q3750927-2,Q3750927,francis hepburn chevallier-boutell,francis chevallier-boutell,francis,chevallier-boutell,1851-06-08,aspall,ip14 6jf,male,engineer
Q3750927-3,Q3750927,frank chevallier-boutell,frank chevallier-boutell,frank,chevallier-boutell,1851-06-08,aspall,,male,engineer
Q3750927-4,Q3750927,frank chevallier-boutell,frank chevallier-boutell,frank,chevallier-boutell,1851-08-08,aspall,,male,engineer
Q3750927-5,Q3750927,frank chevallier-boutell,frank chevallier-boutell,frank,chevallier-boutell,,,ip14 6jf,male,engineer
Q3750927-6,Q3750927,frank hepburn chevallier-boutell,frank chevallier-boutell,frank,chevallier-boutell,,aspall,ip14 5hh,female,engineer
Q18672658-1,Q18672658,thomas sharp,thomas sharp,thomas,sharp,1770-01-01,trafford,m32 0ej,male,
Q18672658-2,Q18672658,thomas sharp,thomas sharp,thomas,sharp,1770-01-01,trafford,m32 0ej,male,
Q18672658-3,Q18672658,thomas sharp,thomas sharp,thomas,sharp,1770-01-01,trafford,m32 0ej,male,
Q18672658-4,Q18672658,thomas sharp,thomas sharp,thomas,sharp,1780-01-01,trafford,m32 0ej,male,
Q18672658-5,Q18672658,thomas sharp,thomas sharp,thomas,sharp,1770-01-01,trafford,m32 0ej,,
Q18672658-6,Q18672658,tom sharpe,tom sharpe,tom,sharpe,1770-01-01,trafford,,male,
Q18672658-7,Q18672658,thomas sharp,thomas sharp,thomas,sharp,1770-01-01,trafford,,,
Q18672658-8,Q18672658,thomas sharpe,thomas sharpe,thomas,sharpe,1770-81-01,trafford,,,
Q18672658-9,Q18672658,thomas sharp,thomas sharp,thomas,sharp,1770-01-01,trafford,m32 0ej,male,
Q18672658-10,Q18672658,tommy sharp,tommy sharp,tommy,sharp,,trafford,,,
Q18672658-11,Q18672658,tom sharpe,tom sharpe,tom,sharpe,,,,male,
Q16211961-1,Q16211961,george thorp,george thorp,george,thorp,1777-09-09,chillingham,ne66 5nj,male,military personnel
Q16211961-2,Q16211961,george thorp,george thorp,george,thorp,1777-09-09,chillingham,ne66 5nj,male,military personnel
Q16211961-3,Q16211961,george thorp,george thorp,george,thorp,1777-89-09,chillingham,,male,
Q16211961-4,Q16211961,georgina thorp,georgina thorp,georgina,thorp,,,,,
Q7149918-1,Q7149918,paul colomiès,paul colomiès,paul,colomiès,1638-12-02,la rochelle,co15 4su,male,librarian
Q7149918-2,Q7149918,paul colomiès,paul colomiès,paul,colomiès,1638-12-02,la rochelle,co15 4su,male,librarian
Q7149918-3,Q7149918,paolo colomies,paolo colomies,paolo,colomies,1638-12-02,la rochelle,co15 4su,male,librarian
Q7149918-4,Q7149918,paul colomiès,paul colomiès,paul,colomiès,,,co15 4su,male,librarian
Q7149918-5,Q7149918,paul colomiès,paul colomiès,paul,colomiès,1638-12-02,la rochelle,co15 4su,,librarian
Q7149918-6,Q7149918,paul colomiès,paul colomiès,paul,colomiès,,la rochelle,co15 4su,male,philosopher
Q7149918-7,Q7149918,paul colomiès,paul colomiès,paul,colomiès,1638-12-02,la rochelle,nr9 4eg,,
Q7149918-8,Q7149918,paul colomies,paul colomies,paul,colomies,1638-12-02,,co15 4su,male,librarian
Q7149918-9,Q7149918,paul colomiès,paul colomiès,paul,colomiès,1638-12-02,la rochelle,,male,librarian
Q7149918-10,Q7149918,paul colomiès,paul colomiès,paul,colomiès,1638-12-02,,co15 4su,,librarian
Q7149918-11,Q7149918,pzul colomiès,pzul colomiès,pzul,colomiès,1638-12-02,,co15 4su,male,philosopher
Q7149918-12,Q7149918,paul xolomiès,paul xolomiès,paul,xolomiès,1638-22-02,la rochelle,co15 4su,male,librarian
Q7149918-13,Q7149918,colomiès,colomiès,colomiès,,1638-12-02,la rochelle,,,librarian
Q7149918-14,Q7149918,pawel colomies,pawel colomies,pawel,colomies,,france,co15 4su,,
Q7149918-15,Q7149918,paul colomiès,paul colomiès,paul,colomiès,1638-12-02,la rochelle,,male,
Q7149918-16,Q7149918,paulo colomiès,paulo colomiès,paulo,colomiès,1638-12-02,la rochelle,co15 4su,male,
Q7149918-17,Q7149918,pablo colomiès,pablo colomiès,pablo,colomiès,,la rochelle,co15 4su,male,librarian
Q7149918-18,Q7149918,paul colomies,paul colomies,paul,colomies,,la rochelle,,female,philosopher
Q7149918-19,Q7149918,pauk colomiès,pauk colomiès,pauk,colomiès,,france,,,
Q7149918-20,Q7149918,paul colomies,paul colomies,paul,colomies,,la rochelle,,,
Q27919030-1,Q27919030,harry wallace,harry wallace,harry,wallace,1860-01-01,manchester,m40 1qx,male,painter
Q27919030-2,Q27919030,harry wallace,harry wallace,harry,wallace,1860-01-01,manchester,m40 1qx,male,painter
Q27919030-3,Q27919030,harry wallace,harry wallace,harry,wallace,1860-01-01,manchester,m40 1qx,male,painter
Q27919030-4,Q27919030,henry wallis,henry wallis,henry,wallis,1860-01-11,manchester,m40 1qq,,painter
Q27919030-5,Q27919030,harry wallis,harry wallis,harry,wallis,,manchester,,male,painter
Q7793204-1,Q7793204,thomas pollard,thomas pollard,thomas,pollard,1597-01-01,mendip,ba11 1bb,male,actor
Q7793204-2,Q7793204,thomas pollard,thomas pollard,thomas,pollard,1597-01-01,mendip,ba11 1bb,male,actor
Q7793204-3,Q7793204,tom pollard,tom pollard,tom,pollard,1597-01-21,mendip,ba11 1bb,male,actor
Q7793204-4,Q7793204,thomas pollard,thomas pollard,thomas,pollard,1597-01-01,mendip,ba11 1bb,,actor
Q7793204-5,Q7793204,thomas pollard,thomas pollard,thomas,pollard,1597-01-01,frome,ba11 1bb,male,actor
Q7793204-6,Q7793204,tom pollard,tom pollard,tom,pollard,1597-01-01,mendip,ba11 1bb,male,
Q7793204-7,Q7793204,thomas pollard,thomas pollard,thomas,pollard,1597-01-01,mendip,ba12 7jb,male,actor
Q7793204-8,Q7793204,thomas pollard,thomas pollard,thomas,pollard,1597-07-01,mendip,,male,actor
Q7793204-9,Q7793204,tom pollard,tom pollard,tom,pollard,1597-01-01,,ba11 1bb,male,
Q7793204-10,Q7793204,tom pollard,tom pollard,tom,pollard,,,ba11 1bb,male,actor
Q7793204-11,Q7793204,thomas poklard,thomas poklard,thomas,poklard,1597-01-04,mendip,,male,
Q7793204-12,Q7793204,thonas pollard,thonas pollard,thonas,pollard,1597-01-01,,ba11 1bb,male,
Q7793204-13,Q7793204,tom pollard,tom pollard,tom,pollard,1597-01-01,frome,ba11 1bb,,
Q7793204-14,Q7793204,thomas pollarc,thomas pollarc,thomas,pollarc,,mendip,,male,
Q7793204-15,Q7793204,pollard,pollard,pollard,,,mendip,ba11 1bb,,
Q7793204-16,Q7793204,tom pollard,tom pollard,tom,pollard,,mendip,ba1q 1bb,,
Q5015070-1,Q5015070,clarence m. leumane,clarence leumane,clarence,leumane,1845-01-01,welwyn hatfield,al7 4ef,male,
Q5015070-2,Q5015070,clarence m. leumane,clarence leumane,clarence,leumane,1845-01-01,welwyn hatfield,al7 4ef,male,
Q5015070-3,Q5015070,clarence m. leumane,clarence leumane,clarence,leumane,1845-01-01,welwyn hatfield,al7 4ef,male,
Q5015070-4,Q5015070,clarence m. leumane,clarence leumane,clarence,leumane,1845-01-01,welwyn hatfield,al7 4ef,male,
Q5015070-5,Q5015070,clarence leumane,clarence leumane,clarence,leumane,1845-01-01,welwyn hatfield,al7 4ef,female,
Q5015070-6,Q5015070,clarence leumane,clarence leumane,clarence,leumane,1845-01-01,welwyn hatfield,,male,
Q5015070-7,Q5015070,clarence leumane,clarence leumane,clarence,leumane,1845-01-01,welwyn hatfield,al7 4ef,male,
Q5015070-8,Q5015070,john leumane,john leumane,john,leumane,1845-01-01,welwyn hatfield,,male,
Q5015070-9,Q5015070,jack leumane,jack leumane,jack,leumane,1845-01-02,welwyn hatfield,,male,
Q5015070-10,Q5015070,clarence leumane,clarence leumane,clarence,leumane,1845-01-01,welwyn hatfield,al7 4ef,,
Q5015070-11,Q5015070,clarence,clarence,clarence,,1845-01-01,welwyn hatfield,,male,
Q5015070-12,Q5015070,clarence leumane,clarence leumane,clarence,leumane,1845-01-81,welwyn hatfield,al7 4ee,,
Q5015070-13,Q5015070,clarence leumane,clarence leumane,clarence,leumane,1845-01-01,welwyn hatfield,al7 ref,male,
Q5015070-14,Q5015070,clarence john leumane,clarence leumane,clarence,leumane,1815-01-01,,al7 4ef,male,
Q5015070-15,Q5015070,clarence leumane,clarence leumane,clarence,leumane,1845-00-01,welwyn hatfield,al7 4ef,female,
Q5015070-16,Q5015070,clarence leumane,clarence leumane,clarence,leumane,,welwyn hatfield,,male,
Q5015070-17,Q5015070,clarence jack leumane,clarence leumane,clarence,leumane,,welwyn hatfield,,,
Q28924099-1,Q28924099,arthur ceely,arthur ceely,arthur,ceely,1834-10-14,barnsley,s75 1ju,male,cricketer
Q28924099-2,Q28924099,arthur ceely,arthur ceely,arthur,ceely,1834-70-14,barnsley,s75 1ju,male,cricketer
Q28924099-3,Q28924099,arthur ceely,arthur ceely,arthur,ceely,1834-10-11,barnsley,s75 1ju,male,cricketer
Q28924099-4,Q28924099,artie ceely,artie ceely,artie,ceely,1834-10-14,barnsley,,male,cricketer
Q28924099-5,Q28924099,arth8r ceely,arth8r ceely,arth8r,ceely,1834-10-14,barnsley,s75 1ju,male,cricketer
Q28924099-6,Q28924099,arthur ceely,arthur ceely,arthur,ceely,1834-10-14,,s75 1ju,,
Q28924099-7,Q28924099,art ceely,art ceely,art,ceely,,,s75 1ju,male,cricketer
Q28924099-8,Q28924099,arthur ceely,arthur ceely,arthur,ceely,1834-10-14,barnsley,s75 1ju,male,cricketer
Q28924099-9,Q28924099,ceely,ceely,ceely,,1834-10-15,barnsley,s75 1ju,male,cricketer
Q28924099-10,Q28924099,arthur cedly,arthur cedly,arthur,cedly,,,s75 1hs,male,cricketer
Q28924099-11,Q28924099,art ceely,art ceely,art,ceely,1834-10-14,barnsley,s75 1ju,male,cricketer
Q28924099-12,Q28924099,artie,artie,artie,,1835-10-14,barnsley,s75 5hx,male,
Q28924099-13,Q28924099,artie ceely,artie ceely,artie,ceely,,,s75 1ju,female,cricketer
Q28924099-14,Q28924099,artie ceely,artie ceely,artie,ceely,1834-10-14,barnsley,,male,
Q28924099-15,Q28924099,artie ceely,artie ceely,artie,ceely,,barnsley,,,
Q28924099-16,Q28924099,art ceely,art ceely,art,ceely,1834-11-14,barnsley,,,
Q16855481-1,Q16855481,arthur caley,arthur caley,arthur,caley,1824-01-01,isle of man,gl55 6pn,male,
Q16855481-2,Q16855481,arthur caley,arthur caley,arthur,caley,1824-01-01,isle of man,gl55 6pn,male,
Q16855481-3,Q16855481,arthur caley,arthur caley,arthur,caley,1824-01-01,isle of man,gl55 6pn,male,
Q16855481-4,Q16855481,artie caley,artie caley,artie,caley,1824-01-01,isle of man,,male,
Q16855481-5,Q16855481,arthur caley,arthur caley,arthur,caley,1824-01-01,isle of man,gl55 6pn,male,
Q16855481-6,Q16855481,arthur caley,arthur caley,arthur,caley,,,gl55 6pn,male,
Q16855481-7,Q16855481,art caley,art caley,art,caley,,,gl55 6pn,male,
Q16855481-8,Q16855481,arthur caley,arthur caley,arthur,caley,1824-01-01,isle of man,gl55 6pn,,
Q16855481-9,Q16855481,artgur caley,artgur caley,artgur,caley,,isle of man,gl55 6pn,,
Q16855481-10,Q16855481,artie caley,artie caley,artie,caley,1824-01-01,isle of man,,male,
Q16855481-11,Q16855481,artie caley,artie caley,artie,caley,1824-01-01,isle of man,,male,
Q16855481-12,Q16855481,artie caley,artie caley,artie,caley,1824-01-01,isle of man,gl55 6js,,
Q8004274-1,Q8004274,william alexander kerr,william kerr,william,kerr,1831-07-18,melrose,dy4 8rp,male,
Q8004274-2,Q8004274,william kerr,william kerr,william,kerr,1831-07-18,melrose,dy4 8rp,male,
Q8004274-3,Q8004274,william kerr,william kerr,william,kerr,1831-07-18,melrose,dy4 8rp,male,
Q8004274-4,Q8004274,william alexander kerr,william kerr,william,kerr,1831-07-18,melrose,dy4 8rp,,
Q8004274-5,Q8004274,william kerr,william kerr,william,kerr,,melrose,dy4 8rp,male,
Q8004274-6,Q8004274,william alexander kerr,william kerr,william,kerr,,united kingdom,dy4 8rp,male,
Q8004274-7,Q8004274,william kerr,william kerr,william,kerr,1831-07-18,melrose,dy4 8rp,male,
Q8004274-8,Q8004274,v.c.,v.c.,v.c.,,1831-07-18,melrose,dy4 8rp,male,
Q8004274-9,Q8004274,william alexander kerr,william kerr,william,kerr,1831-07-18,melrose,dy4 8rp,male,
Q8004274-10,Q8004274,wiliam carr,wiliam carr,wiliam,carr,,melrose,dy4 8rp,,
Q8004274-11,Q8004274,william carr,william carr,william,carr,1861-07-18,united kingdom,dy4 8rp,male,
Q8004274-12,Q8004274,william alexander kerr,william kerr,william,kerr,1831-07-18,melrose,dy4 urp,male,
Q8004274-13,Q8004274,w. a. kerr,w. kerr,w.,kerr,,united kingdom,dyr 8rp,male,
Q8004274-14,Q8004274,kerr,kerr,kerr,,1831-07-18,,,male,
Q8004274-15,Q8004274,billy alex carr,billy carr,billy,carr,,united kingdom,,female,
Q8004274-16,Q8004274,william kerr,william kerr,william,kerr,1831-07-18,melrose,dy4 8rp,male,
Q8004274-17,Q8004274,,,,,,melrose,,male,
Q8004274-18,Q8004274,willie carr,willie carr,willie,carr,1831-87-18,united kingdom,,,
Q8004274-19,Q8004274,v.c.,v.c.,v.c.,,1837-07-18,melrose,dy4 8rp,male,
Q8004274-20,Q8004274,williams carr,williams carr,williams,carr,,melrose,dy4 8rp,male,
Q30234711-1,Q30234711,betty bentley beaumont,betty beaumont,betty,beaumont,1828-08-09,lancashire,pr3 3bq,female,autobiographer
Q30234711-2,Q30234711,betty bentley beaumont,betty beaumont,betty,beaumont,1828-08-09,lancashire,pr3 3bq,female,autobiographer
Q30234711-3,Q30234711,elizabeth beaumont,elizabeth beaumont,elizabeth,beaumont,1828-08-08,,pr3 3bq,,
Q3526548-1,Q3526548,frank sugg,frank sugg,frank,sugg,1862-01-11,ilkeston,de7 8af,male,association football player
Q3526548-2,Q3526548,frank sugg,frank sugg,frank,sugg,1862-01-11,ilkeston,de7 8af,male,association football player
Q3526548-3,Q3526548,francis sugg,francis sugg,francis,sugg,1862-01-11,ilkeston,de75 7dz,male,association football player
Q3526548-4,Q3526548,frank sygg,frank sygg,frank,sygg,1862-01-11,ilkeston,de7 8af,male,
Q3526548-5,Q3526548,sugg,sugg,sugg,,1862-01-11,ilkeston,de7 8af,male,association football player
Q3526548-6,Q3526548,francis sugg,francis sugg,francis,sugg,1862-01-71,,,male,cricketer
Q3526548-7,Q3526548,sugg,sugg,sugg,,1862-01-11,ilkeston,de7 8af,male,association football player
Q3526548-8,Q3526548,francis sugg,francis sugg,francis,sugg,,,de7 8af,male,
Q3526548-9,Q3526548,francis sugg,francis sugg,francis,sugg,1862-01-11,ilkeston,,,
Q3526548-10,Q3526548,francis sugg,francis sugg,francis,sugg,1862-01-01,,de7 8aq,,
Q7422812-1,Q7422812,sarah swift,sarah swift,sarah,swift,1854-11-22,kirton,pe20 1es,female,
Q7422812-2,Q7422812,sally swift,sally swift,sally,swift,1854-11-52,kirton,pe20 1es,female,
Q7422812-3,Q7422812,sarah swift,sarah swift,sarah,swift,1824-11-22,kirton,pe20 1es,female,
Q7422812-4,Q7422812,sarah swift,sarah swift,sarah,swift,1854-11-25,kirton,pe20 1es,female,
Q7422812-5,Q7422812,sarah swift,sarah swift,sarah,swift,,kirton,pe20 1es,male,
Q7422812-6,Q7422812,sara swift,sara swift,sara,swift,,,,,
Q7422812-7,Q7422812,swift,swift,swift,,1824-11-22,,,female,
Q18530939-1,Q18530939,vaughan cornish,vaughan cornish,vaughan,cornish,1862-01-01,lichfield,b78 3tw,male,
Q18530939-2,Q18530939,vaughan cornish,vaughan cornish,vaughan,cornish,1862-01-01,lichfield,b78 3tu,male,
Q18530939-3,Q18530939,vaughan cornish,vaughan cornish,vaughan,cornish,1862-01-01,lichfield,b78 3tw,,
Q18530939-4,Q18530939,vaughan cornish,vaughan cornish,vaughan,cornish,1862-01-01,lichfield,b79 3tw,male,
Q18530939-5,Q18530939,vaughan cornish,vaughan cornish,vaughan,cornish,1865-01-01,lichfield,b78 3tj,male,
Q18530939-6,Q18530939,vqughan cornish,vqughan cornish,vqughan,cornish,1862-01-01,lichfield,b78 3tw,male,
Q18530939-7,Q18530939,vqughan cornish,vqughan cornish,vqughan,cornish,1862-01-01,lichfield,b78 3tw,male,
Q18530939-8,Q18530939,baughan cornish,baughan cornish,baughan,cornish,1863-01-01,lichfield,,male,
Q18530939-9,Q18530939,vaughan cornish,vaughan cornish,vaughan,cornish,1862-01-01,lichfield,b78 3tw,male,
Q18530939-10,Q18530939,vaughan cornish,vaughan cornish,vaughan,cornish,1862-01-01,lichfield,b78 3tn,male,
Q18530939-11,Q18530939,vwughan cornish,vwughan cornish,vwughan,cornish,1862-01-01,lichfield,b78 3tw,male,
Q18530939-12,Q18530939,vaughan cornish,vaughan cornish,vaughan,cornish,1862-11-01,lichfield,b78 3tw,male,
Q18530939-13,Q18530939,gaughan cornish,gaughan cornish,gaughan,cornish,,lichfield,,male,
Q18530939-14,Q18530939,va8ghan cornish,va8ghan cornish,va8ghan,cornish,1862-01-01,drayton bassett,,male,
Q18530939-15,Q18530939,vauvhan cornish,vauvhan cornish,vauvhan,cornish,,lichfield,cv36 5hb,,
Q18530939-16,Q18530939,vaughan cornish,vaughan cornish,vaughan,cornish,1862-01-01,,b78 3lf,male,
Q18530939-17,Q18530939,vsughan cornish,vsughan cornish,vsughan,cornish,,,b78 3lf,,
Q18530939-18,Q18530939,vaughan cormish,vaughan cormish,vaughan,cormish,1862-01-11,lichfield,,,
Q18530939-19,Q18530939,vaughan cirnish,vaughan cirnish,vaughan,cirnish,,lichfield,b78 3tw,,
Q18530939-20,Q18530939,vaighan cornish,vaighan cornish,vaighan,cornish,1862-01-01,,b78 3tw,male,
Q18530939-21,Q18530939,vaughan fornish,vaughan fornish,vaughan,fornish,1882-01-01,lichfield,,,
Q5537791-1,Q5537791,george chalmers,george chalmers,george,chalmers,1720-01-01,edinburgh,eh2 2ah,male,painter
Q5537791-2,Q5537791,sir chalmers,sir chalmers,sir,chalmers,1720-01-01,edinburgh,eh2 2ah,male,painter
Q5537791-3,Q5537791,george chalmers,george chalmers,george,chalmers,1720-01-01,edinburgh,eh2 2ah,male,painter
Q5537791-4,Q5537791,george chalmers,george chalmers,george,chalmers,1720-01-01,edinburgh,,male,painter
Q5537791-5,Q5537791,sir georgie chalmers,sir chalmers,sir,chalmers,1720-11-01,edinburgh,,,
Q5537791-6,Q5537791,george chalmers,george chalmers,george,chalmers,1720-01-01,city of edinburgh,eh2 2ah,male,
Q5537791-7,Q5537791,george chalmers,george chalmers,george,chalmers,,edinburgh,,,painter
Q5537791-8,Q5537791,georgie chalmers,georgie chalmers,georgie,chalmers,1720-01-01,edinburgh,eh2 2ah,male,
Q5537791-9,Q5537791,sir georgina chalmers,sir chalmers,sir,chalmers,1721-01-01,edinburgh,eh2 2ah,male,
Q21288905-1,Q21288905,frank laing,frank laing,frank,laing,1862-01-01,wirral,ch62 3qq,male,painter
Q21288905-2,Q21288905,frank laing,frank laing,frank,laing,1862-01-01,wirral,ch62 3qq,male,painter
Q21288905-3,Q21288905,frank laing,frank laing,frank,laing,1862-01-01,wirral,ch62 3qq,male,painter
Q21288905-4,Q21288905,frank laing,frank laing,frank,laing,1862-01-02,wirral,,male,painter
Q21288905-5,Q21288905,laing,laing,laing,,1862-01-01,,ch62 3ph,male,painter
Q21288905-6,Q21288905,francis lang,francis lang,francis,lang,,wirral,,male,painter
Q21288905-7,Q21288905,frank laing,frank laing,frank,laing,,wirral,ch62 3qq,male,painter
Q21288905-8,Q21288905,frank laing,frank laing,frank,laing,,wirral,ch62 3qq,male,painter
Q21288905-9,Q21288905,francis lang,francis lang,francis,lang,,wirral,ch62 3qq,male,painter
Q6225744-1,Q6225744,john charles durant,john durant,john,durant,1846-07-15,cardiff,cf10 4ee,male,politician
Q6225744-2,Q6225744,john durant,john durant,john,durant,1846-07-15,cardiff,cf10 4ee,male,politician
Q6225744-3,Q6225744,john durand,john durand,john,durand,1846-07-15,cardiff,cf10 4ee,male,politician
Q6225744-4,Q6225744,jackie charlie duran,jackie duran,jackie,duran,1846-07-15,cardiff,cf10 4ee,female,politician
Q6225744-5,Q6225744,john charles durant,john durant,john,durant,,cardiff,cf10 4ee,male,politician
Q6225744-6,Q6225744,ian durant,ian durant,ian,durant,,,cf10 4ee,male,politician
Q6225744-7,Q6225744,john chad duran,john duran,john,duran,1846-07-15,cardiff,cf10 4ee,male,politician
Q6225744-8,Q6225744,jack durand,jack durand,jack,durand,,,cf10 4ee,,
Q6225744-9,Q6225744,john charles durand,john durand,john,durand,1846-07-15,butetown,cf20 4ee,,
Q2426857-1,Q2426857,thomas robinson,thomas robinson,thomas,robinson,1560-01-01,leeds,ls6 3pl,male,
Q2426857-2,Q2426857,thomas robinson,thomas robinson,thomas,robinson,1560-01-01,leeds,ls6 3pl,male,
Q2426857-3,Q2426857,thomas robinson,thomas robinson,thomas,robinson,1560-01-01,leeds,ls6 3pl,male,
Q2426857-4,Q2426857,tom robinson,tom robinson,tom,robinson,1560-01-01,leeds,,male,
Q2426857-5,Q2426857,tjomas robinson,tjomas robinson,tjomas,robinson,1560-11-01,leeds,,,
Q2426857-6,Q2426857,thomaw robinson,thomaw robinson,thomaw,robinson,,,,male,
Q3285335-1,Q3285335,mancherjee bhownagree,mancherjee bhownagree,mancherjee,bhownagree,1851-08-15,mumbai,dn37 0fd,male,
Q3285335-2,Q3285335,mancherjee bhownagree,mancherjee bhownagree,mancherjee,bhownagree,1851-08-15,mumbai,dn37 0fd,male,
Q3285335-3,Q3285335,mancherjee bhownagree,mancherjee bhownagree,mancherjee,bhownagree,1851-08-15,mumbai,dn37 0fd,male,
Q3285335-4,Q3285335,mancherjee bhownagree,mancherjee bhownagree,mancherjee,bhownagree,1851-08-15,mumbai,dn37 0fd,male,
Q3285335-5,Q3285335,mancherjee bhownagree,mancherjee bhownagree,mancherjee,bhownagree,1851-08-15,mumbai,dn37 0fd,male,
Q3285335-6,Q3285335,mancherji bhownagri,mancherji bhownagri,mancherji,bhownagri,1851-08-15,mumbai,dn37 0fd,male,
Q3285335-7,Q3285335,mancherjee bhownagree,mancherjee bhownagree,mancherjee,bhownagree,1851-08-15,mumbai,dn31 2sw,male,
Q3285335-8,Q3285335,sir mancherji bhownagri,sir bhownagri,sir,bhownagri,1851-08-12,mumbai,dn37 0fd,male,
Q3285335-9,Q3285335,mancherji bhownagri,mancherji bhownagri,mancherji,bhownagri,1851-08-45,mumbai,,male,
Q3285335-10,Q3285335,mancherji bhownagri,mancherji bhownagri,mancherji,bhownagri,1851-08-15,mumbai,dn37 0fd,male,
Q3285335-11,Q3285335,mancherjee bhownagree,mancherjee bhownagree,mancherjee,bhownagree,1821-08-15,mumbai,,male,
Q3285335-12,Q3285335,mancherjee bhownagree,mancherjee bhownagree,mancherjee,bhownagree,1851-08-15,india,dn37 0pt,male,
Q3285335-13,Q3285335,mancherjee,mancherjee,mancherjee,,1851-08-15,mumbai,,male,
Q3285335-14,Q3285335,mancherjee bhownagree,mancherjee bhownagree,mancherjee,bhownagree,1851-08-15,mumbai,dn37 0fd,male,
Q3285335-15,Q3285335,mancherji bhownagri,mancherji bhownagri,mancherji,bhownagri,,mumbai,,male,
Q3285335-16,Q3285335,mancherji bhownagri,mancherji bhownagri,mancherji,bhownagri,1857-08-15,mumbai,dn37 0fd,,
Q3285335-17,Q3285335,bhownagri,bhownagri,bhownagri,,1851-06-15,mumbai,,,
Q3285335-18,Q3285335,mancherjee vhownagree,mancherjee vhownagree,mancherjee,vhownagree,,,dn37 0fd,male,
Q3809624-1,Q3809624,john smith,john smith,john,smith,1855-08-12,mauchline,ka5 5st,male,association football player
Q3809624-2,Q3809624,john smith,john smith,john,smith,1855-08-72,mauchline,ka5 5st,male,association football player
Q3809624-3,Q3809624,dr john smith,dr smith,dr,smith,1855-08-12,,,,association football referee
Q3809624-4,Q3809624,ian smyth,ian smyth,ian,smyth,1865-08-12,mauchline,,,
Q18593464-1,Q18593464,robert thorburn,robert thorburn,robert,thorburn,1818-01-01,dumfries,dg2 7rs,male,painter
Q18593464-2,Q18593464,bert thorburn,bert thorburn,bert,thorburn,1818-01-01,dumfries,dg3 7rs,male,painter
Q18593464-3,Q18593464,robby thorburn,robby thorburn,robby,thorburn,1818-01-01,dumfries,dg2 7rs,male,painter
Q18593464-4,Q18593464,robert thorburn,robert thorburn,robert,thorburn,1818-01-01,dumfries,,male,
Q18593464-5,Q18593464,robert thorburh,robert thorburh,robert,thorburh,1818-01-01,dumfries,dg2 0jq,male,painter
Q18593464-6,Q18593464,rupert thorburn,rupert thorburn,rupert,thorburn,1808-01-01,dumfries,dg2 7rs,male,painter
Q18593464-7,Q18593464,robby thorburn,robby thorburn,robby,thorburn,1818-01-01,dumfries,dg2 7rs,male,painter
Q18593464-8,Q18593464,bobby thorburn,bobby thorburn,bobby,thorburn,1818-01-04,dumfries,dg2 7rs,,
Q18593464-9,Q18593464,thorburn,thorburn,thorburn,,1818-01-01,dumfries and galloway,dg2 8nj,male,
Q18593464-10,Q18593464,bob,bob,bob,,,,,,
Q6793159-1,Q6793159,maurice greiffenhagen,maurice greiffenhagen,maurice,greiffenhagen,1862-12-15,greater london,se1 9bb,male,illustrator
Q6793159-2,Q6793159,maurice greiffenhagen,maurice greiffenhagen,maurice,greiffenhagen,1862-12-15,greater london,se1 9bb,male,painter
Q6793159-3,Q6793159,maurice greiffenhagen,maurice greiffenhagen,maurice,greiffenhagen,1862-12-15,southwark,se1 9bb,,illustrator
Q6793159-4,Q6793159,maurice greiffenhagen,maurice greiffenhagen,maurice,greiffenhagen,1862-12-15,greater london,se1 9bb,male,illustrator
Q6793159-5,Q6793159,maurice greiffenhagen,maurice greiffenhagen,maurice,greiffenhagen,1862-12-15,greater london,,male,painter
Q6793159-6,Q6793159,maurice greiffenhagen,maurice greiffenhagen,maurice,greiffenhagen,1862-12-75,,se1 9rq,male,
Q6793159-7,Q6793159,maurice greiffenhagen,maurice greiffenhagen,maurice,greiffenhagen,,greater london,se1 9bb,male,painter
Q6793159-8,Q6793159,maurice greiffenhagen,maurice greiffenhagen,maurice,greiffenhagen,,greater london,se1 9ra,,
Q6793159-9,Q6793159,maurice greiffenhagen,maurice greiffenhagen,maurice,greiffenhagen,1862-12-15,,,male,
Q6793159-10,Q6793159,maurice william greiffenhagen,maurice greiffenhagen,maurice,greiffenhagen,1862-12-75,greater london,,male,illustrator
Q6793159-11,Q6793159,maurice greiffenhagen,maurice greiffenhagen,maurice,greiffenhagen,1862-12-15,greater london,tn16 2jt,,illustrator
Q6793159-12,Q6793159,maurice greiffenhagen,maurice greiffenhagen,maurice,greiffenhagen,1861-12-15,,,,
Q5132907-1,Q5132907,clifford cory,clifford cory,clifford,cory,1859-04-10,tameside,m34 7lg,male,
Q5132907-2,Q5132907,clifford cory,clifford cory,clifford,cory,1859-04-18,tameside,m34 7lg,male,
Q5132907-3,Q5132907,sir jean cory,sir cory,sir,cory,1859-04-10,tameside,sk14 3ab,male,
Q5132907-4,Q5132907,cliff corrie,cliff corrie,cliff,corrie,,tameside,m34 7lg,male,
Q5132907-5,Q5132907,1st john corrie bt.,1st bt.,1st,bt.,,tameside,m34 7lg,male,
Q459764-1,Q459764,jessie penn-lewis,jessie penn-lewis,jessie,penn-lewis,1861-02-28,neath,sa10 8ba,female,author
Q459764-2,Q459764,jessie penn-lewis,jessie penn-lewis,jessie,penn-lewis,1861-02-28,neath,sa10 uba,female,author
Q459764-3,Q459764,janet betty jones penn-lewis,janet penn-lewis,janet,penn-lewis,1861-02-25,neath,sa10 8ba,female,
Q459764-4,Q459764,janet betty johns,janet johns,janet,johns,1861-02-28,neath,sa10 8ay,female,author
Q459764-5,Q459764,penn-lewis,penn-lewis,penn-lewis,,1861-02-28,neath,sa10 8ba,,author
Q4423153-1,Q4423153,william sly,william sly,william,sly,1501-01-01,bassetlaw,dn22 0dr,male,actor
Q4423153-2,Q4423153,william sly,william sly,william,sly,1501-07-01,bassetlaw,dn22 0dr,male,actor
Q4423153-3,Q4423153,william sly,william sly,william,sly,1501-01-01,bassetlaw,dn22 0dr,male,actor
Q4423153-4,Q4423153,william sly,william sly,william,sly,1501-01-01,bassetlaw,dn22 0dr,male,actor
Q4423153-5,Q4423153,william sly,william sly,william,sly,,,dn22 0dr,male,actor
Q4423153-6,Q4423153,william sly,william sly,william,sly,1501-01-01,bassetlaw,dn22 0dr,female,actor
Q4423153-7,Q4423153,willie sly,willie sly,willie,sly,1501-01-01,,dn22 0dr,male,
Q4423153-8,Q4423153,bill sly,bill sly,bill,sly,,bassetlaw,s45 8ar,,actor
Q4423153-9,Q4423153,william sly,william sly,william,sly,1501-01-01,bassetlaw,dn22 0dr,male,actor
Q4423153-10,Q4423153,william sly,william sly,william,sly,1501-01-01,bassetlaw,dn22 0dr,male,actor
Q4423153-11,Q4423153,will sly,will sly,will,sly,1501-01-01,bassetlaw,ng34 0aa,male,actor
Q4423153-12,Q4423153,willie sly,willie sly,willie,sly,,bassetlaw,,male,actor
Q4423153-13,Q4423153,willie sly,willie sly,willie,sly,1501-04-01,bassetlaw,,,
Q4423153-14,Q4423153,willie,willie,willie,,,,,male,actor
Q4423153-15,Q4423153,willie sly,willie sly,willie,sly,,,dn22 0dr,,
Q4423153-16,Q4423153,willie sly,willie sly,willie,sly,,,,,actor
Q4423153-17,Q4423153,willie sly,willie sly,willie,sly,,,,female,
Q5297449-1,Q5297449,dora wordsworth,dora wordsworth,dora,wordsworth,1804-08-16,richmond upon thames,tw11 9px,female,writer
Q5297449-2,Q5297449,dora wordsworth,dora wordsworth,dora,wordsworth,1804-08-16,richmond upon thames,tw11 9px,female,writer
Q5297449-3,Q5297449,dora wordsworth,dora wordsworth,dora,wordsworth,,richmond upon thames,,female,poet
Q5297449-4,Q5297449,quillinan,quillinan,quillinan,,1807-08-16,richmond upon thames,sw13 0hp,,
Q18527938-1,Q18527938,edith martineau,edith martineau,edith,martineau,1842-01-01,liverpool,l3 6js,female,painter
Q18527938-2,Q18527938,edit martineau,edit martineau,edit,martineau,1842-01-01,liverpool,l3 6js,female,painter
Q18527938-3,Q18527938,edit martineau,edit martineau,edit,martineau,1842-01-01,liverpool,l3 6js,female,painter
Q18527938-4,Q18527938,editn martineau,editn martineau,editn,martineau,,liverpool,l4 6js,female,
Q18527938-5,Q18527938,edit martineau,edit martineau,edit,martineau,1852-01-01,,l34 8he,,
Q18527938-6,Q18527938,edit martineau,edit martineau,edit,martineau,,,l3 6lg,,
Q6231904-1,Q6231904,john erskine,john erskine,john,erskine,1721-01-01,"bristol, city of",bs13 0da,male,author
Q6231904-2,Q6231904,john erskine,john erskine,john,erskine,1721-01-01,"bristol, city of",bs13 0da,male,author
Q6231904-3,Q6231904,john erskine,john erskine,john,erskine,1721-07-01,"bristol, city of",bs13 0da,male,author
Q6231904-4,Q6231904,john erskine,john erskine,john,erskine,1721-01-01,"bristol, city of",bs28 4jg,male,author
Q6231904-5,Q6231904,erskine,erskine,erskine,,1721-01-01,"bristol, city of",bs13 0da,male,
Q6231904-6,Q6231904,john d.d.,john d.d.,john,d.d.,1721-21-01,"bristol, city of",np26 3ff,male,author
Q6231904-7,Q6231904,reverend erskine,reverend erskine,reverend,erskine,1721-01-00,"bristol, city of",,male,
Q6231904-8,Q6231904,john d.d.,john d.d.,john,d.d.,1721-01-01,"bristol, city of",,male,
Q472639-1,Q472639,william jackson hooker,william hooker,william,hooker,1785-07-06,norwich,nr1 3bb,male,
Q472639-2,Q472639,william hooker,william hooker,william,hooker,1785-04-06,norwich,nr1 3bb,male,
Q472639-3,Q472639,sir hooker,sir hooker,sir,hooker,1785-07-06,norwich,nr1 3bb,male,
Q472639-4,Q472639,william hooker,william hooker,william,hooker,1785-07-06,norwich,nr1 3bb,male,
Q472639-5,Q472639,w.j. hooker,w.j. hooker,w.j.,hooker,1785-87-06,norwich,,female,
Q472639-6,Q472639,william hooker,william hooker,william,hooker,1785-07-06,norwich,nr1 3bb,,
Q472639-7,Q472639,sir william hooker,sir hooker,sir,hooker,1785-07-06,norwich,,male,
Q472639-8,Q472639,willie jackson hooker,willie hooker,willie,hooker,1785-07-06,norwich,nr1 2hn,male,
Q472639-9,Q472639,william jackson hooker,william hooker,william,hooker,1785-07-06,,nr18 9db,male,
Q472639-10,Q472639,william hooker,william hooker,william,hooker,1785-07-06,,,male,
Q472639-11,Q472639,sir willie hooker,sir hooker,sir,hooker,,norwich,,female,
Q472639-12,Q472639,w.j.,w.j.,w.j.,,,norwich,,,
Q449758-1,Q449758,may morris,may morris,may,morris,1862-03-25,red house,da7 4pa,female,
Q449758-2,Q449758,jay morris,jay morris,jay,morris,1862-03-25,red house,da7 4pa,female,
Q449758-3,Q449758,ma6 morris,ma6 morris,ma6,morris,1862-03-05,bexley,,,
Q3495067-1,Q3495067,ealdgyth,ealdgyth,ealdgyth,,0990-01-01,rugby,cv21 1lj,female,
Q3495067-2,Q3495067,ealdgyth,ealdgyth,ealdgyth,,0990-01-01,rugby,cv21 1lj,female,
Q3495067-3,Q3495067,ealdgyth,ealdgyth,ealdgyth,,,rugby,cv21 1lj,female,
Q3495067-4,Q3495067,ealdgyth,ealdgyth,ealdgyth,,0990-01-01,,cv33 9pu,female,
Q3495067-5,Q3495067,ealdgyth,ealdgyth,ealdgyth,,,rugby,cv21 1lj,female,
Q3495067-6,Q3495067,aldgyth,aldgyth,aldgyth,,0990-01-01,rugby,,female,
Q3495067-7,Q3495067,ealdgyth,ealdgyth,ealdgyth,,,rugby,,female,
Q3495067-8,Q3495067,edith,edith,edith,,0990-01-01,rugby,cv21 1lj,female,
Q6098180-1,Q6098180,j. hopper,j. hopper,j.,hopper,1790-01-01,trafford,wa15 7ne,male,cricketer
Q6098180-2,Q6098180,j. hopper,j. hopper,j.,hopper,1790-01-01,trafford,wa15 7ne,male,cricketer
Q6098180-3,Q6098180,j. hopper,j. hopper,j.,hopper,1790-01-01,trafford,,,cricketer
Q6098180-4,Q6098180,j. hopper,j. hopper,j.,hopper,1790-01-01,trafford,wa15 7ne,male,cricketer
Q6098180-5,Q6098180,j. hopper,j. hopper,j.,hopper,1790-01-01,trafford,wa15 7ne,,cricketer
Q6098180-6,Q6098180,j. hopper,j. hopper,j.,hopper,1790-01-01,trafford,sy4 4ba,,cricketer
Q6098180-7,Q6098180,j. hopper,j. hopper,j.,hopper,1790-01-01,trafford,,male,cricketer
Q6098180-8,Q6098180,james hopper,james hopper,james,hopper,1790-02-01,trafford,wa15 7ne,male,cricketer
Q6098180-9,Q6098180,james hopper,james hopper,james,hopper,1780-01-01,,wa15 7ne,male,cricketer
Q6098180-10,Q6098180,jacob hopper,jacob hopper,jacob,hopper,,trafford,,female,
Q6098180-11,Q6098180,jamie hopper,jamie hopper,jamie,hopper,1790-01-01,trafford,wa15 7ne,male,
Q6098180-12,Q6098180,james hopper,james hopper,james,hopper,1790-02-01,trafford,wa15 7nf,male,
Q4693039-1,Q4693039,agnes giberne,agnes giberne,agnes,giberne,1845-11-19,belgaum,ne1 4lp,female,novelist
Q4693039-2,Q4693039,agnes giberne,agnes giberne,agnes,giberne,1845-11-19,belgaum,ne1 4lp,female,novelist
Q4693039-3,Q4693039,agnes giberne,agnes giberne,agnes,giberne,1845-11-19,belgaum,ne1 4lp,female,novelist
Q4693039-4,Q4693039,agnes giberne,agnes giberne,agnes,giberne,1845-11-19,belgaum,ne4 5bw,,novelist
Q4693039-5,Q4693039,agnes giberne,agnes giberne,agnes,giberne,1845-71-19,belgaum,ne1 4lp,female,novelist
Q4693039-6,Q4693039,agnes giberne,agnes giberne,agnes,giberne,1845-11-19,belgaum,ne1 4lp,female,children's writer
Q4693039-7,Q4693039,agnes giberne,agnes giberne,agnes,giberne,,belgaum,ne1 4lp,female,children's writer
Q4693039-8,Q4693039,aggie giberne,aggie giberne,aggie,giberne,,belgaum,ne1 4lp,female,novelist
Q4693039-9,Q4693039,agnrs giberne,agnrs giberne,agnrs,giberne,,india,dh8 9jw,female,astronomer
Q4693039-10,Q4693039,agnes giberne,agnes giberne,agnes,giberne,1845-11-19,belgaum,ne1 4lp,female,novelist
Q4693039-11,Q4693039,agnes giberne,agnes giberne,agnes,giberne,,belgaum,,female,novelist
Q4693039-12,Q4693039,nessie giberne,nessie giberne,nessie,giberne,1845-11-19,belgaum,ne1 4lp,,novelist
Q4693039-13,Q4693039,nessie,nessie,nessie,,1845-11-19,,ne1 4lp,female,writer
Q4693039-14,Q4693039,agnes tiberne,agnes tiberne,agnes,tiberne,,belgaum,,female,writer
Q4693039-15,Q4693039,aggie giberne,aggie giberne,aggie,giberne,1845-11-19,belgaum,ne1 4lp,female,
Q4693039-16,Q4693039,nessie giberne,nessie giberne,nessie,giberne,1875-11-19,belgaum,ne1 4lp,,children's writer
Q28094247-1,Q28094247,richard halliwell,richard halliwell,richard,halliwell,1842-11-30,buckinghamshire,hp14 4ta,male,cricketer
Q28094247-2,Q28094247,richard halliwell,richard halliwell,richard,halliwell,1842-11-30,buckinghamshire,hp14 4ta,male,cricketer
Q28094247-3,Q28094247,richard halliwell,richard halliwell,richard,halliwell,1842-11-30,buckinghamshire,hp14 4ta,male,cricketer
Q28094247-4,Q28094247,richard halliwell,richard halliwell,richard,halliwell,1842-11-30,buckinghamshire,hp14 4ta,male,cricketer
Q28094247-5,Q28094247,richard halliwell,richard halliwell,richard,halliwell,1842-11-30,buckinghamshire,hp16 9lu,male,cricketer
Q28094247-6,Q28094247,richie halliwell,richie halliwell,richie,halliwell,,buckinghamshire,hp14 4ta,female,cricketer
Q28094247-7,Q28094247,richard halliwell,richard halliwell,richard,halliwell,1812-11-30,buckinghamshire,hp14 4ta,male,cricketer
Q28094247-8,Q28094247,richard galliwell,richard galliwell,richard,galliwell,1842-11-30,buckinghamshire,hp14 4ta,male,cricketer
Q28094247-9,Q28094247,richard halliwell,richard halliwell,richard,halliwell,1842-11-30,buckinghamshire,hp14 4ta,male,cricketer
Q28094247-10,Q28094247,richard halliwell,richard halliwell,richard,halliwell,,buckinghamshire,,male,
Q28094247-11,Q28094247,richard halliwell,richard halliwell,richard,halliwell,,hughenden,,female,cricketer
Q28094247-12,Q28094247,richard hzlliwell,richard hzlliwell,richard,hzlliwell,1842-11-30,buckinghamshire,hp14 4ta,male,cricketer
Q28094247-13,Q28094247,rick halliwell,rick halliwell,rick,halliwell,1842-11-30,buckinghamshire,hp14 4ta,male,
Q28094247-14,Q28094247,rich halliwell,rich halliwell,rich,halliwell,,buckinghamshire,hp14 4ta,male,cricketer
Q28094247-15,Q28094247,rickey halliwell,rickey halliwell,rickey,halliwell,1842-11-30,hughenden,hp27 0ny,,
Q28094247-16,Q28094247,ricki halliwell,ricki halliwell,ricki,halliwell,,,hp27 0ny,,cricketer
Q28094247-17,Q28094247,richarf,richarf,richarf,,1842-10-30,hughenden,hp14 4td,male,cricketer
Q28094247-18,Q28094247,richie halliwell,richie halliwell,richie,halliwell,,,,,
Q16059791-1,Q16059791,george augustus löhr,george löhr,george,löhr,1821-04-20,birmingham,b3 2rt,male,composer
Q16059791-2,Q16059791,georgina löhr,georgina löhr,georgina,löhr,1821-04-20,birmingham,b3 2rt,male,composer
Q16059791-3,Q16059791,georgia löhr,georgia löhr,georgia,löhr,1821-24-20,,b3 2rt,male,
Q16059791-4,Q16059791,georgina löhr,georgina löhr,georgina,löhr,,birmingham,,male,composer
Q28935241-1,Q28935241,william collyer,william collyer,william,collyer,1842-01-11,camberwell,se5 8bb,male,cricketer
Q28935241-2,Q28935241,william collyer,william collyer,william,collyer,1842-01-11,camberwell,se5 8bb,male,cricketer
Q28935241-3,Q28935241,william collyer,william collyer,william,collyer,1842-01-11,camberwell,se5 8bb,male,cricketer
Q28935241-4,Q28935241,will collier,will collier,will,collier,1845-01-11,camberwell,se5 8bb,male,cricketer
Q28935241-5,Q28935241,william collyer,william collyer,william,collyer,1842-01-11,camberwell,se5 8sl,male,cricketer
Q28935241-6,Q28935241,willie collyer,willie collyer,willie,collyer,1842-01-11,southwark,se5 8aq,,cricketer
Q28935241-7,Q28935241,william collyer,william collyer,william,collyer,1842-01-11,,cm16 5ja,male,
Q28935241-8,Q28935241,william collyer,william collyer,william,collyer,1842-01-11,camberwell,se5 8bb,male,
Q28935241-9,Q28935241,william coolyer,william coolyer,william,coolyer,1872-01-11,camberwell,se5 8bb,male,cricketer
Q28935241-10,Q28935241,will collier,will collier,will,collier,1842-01-11,camberwell,se5 8bb,,cricketer
Q28935241-11,Q28935241,gwilym collier,gwilym collier,gwilym,collier,,southwark,se5 8bb,,
Q28935241-12,Q28935241,williwm collyer,williwm collyer,williwm,collyer,,,se5 8bb,male,
Q28935241-13,Q28935241,williams collier,williams collier,williams,collier,1841-01-11,camberwell,cm16 5ja,male,cricketer
Q28935241-14,Q28935241,william collyer,william collyer,william,collyer,,,,male,
Q28935241-15,Q28935241,william collyer,william collyer,william,collyer,,southwark,cm16 5ja,male,cricketer
Q28935241-16,Q28935241,willie collier,willie collier,willie,collier,,,se5 8bb,male,
Q28935241-17,Q28935241,wioliam collyer,wioliam collyer,wioliam,collyer,1842-01-11,,se5 8bb,,
Q28935241-18,Q28935241,willian collyer,willian collyer,willian,collyer,,southwark,cm16 5ja,,
Q8015983-1,Q8015983,william mynors,william mynors,william,mynors,1550-01-01,central bedfordshire,sg19 1nz,male,explorer
Q8015983-2,Q8015983,william mynors,william mynors,william,mynors,1550-01-01,sandy,sg18 8yy,male,explorer
Q8015983-3,Q8015983,willie mynors,willie mynors,willie,mynors,1550-01-01,sandy,sg19 1nz,male,
Q2878295-1,Q2878295,james elphinston,james elphinston,james,elphinston,1721-12-06,edinburgh,eh1 2jy,male,
Q2878295-2,Q2878295,james elphinston,james elphinston,james,elphinston,1721-12-06,edinburgh,eh1 2jy,male,
Q2878295-3,Q2878295,james elphinston,james elphinston,james,elphinston,1721-12-06,edinburgh,eh1 2jy,male,
Q2878295-4,Q2878295,james elphinston,james elphinston,james,elphinston,1721-12-06,city of edinburgh,eh1 2jy,male,
Q2878295-5,Q2878295,james elphinston,james elphinston,james,elphinston,1721-12-06,edinburgh,eh1 2jy,male,
Q2878295-6,Q2878295,james elphinston,james elphinston,james,elphinston,,,eh1 2af,male,
Q2878295-7,Q2878295,james elphinston,james elphinston,james,elphinston,,edinburgh,eh1 2jy,male,
Q2878295-8,Q2878295,jamie elphinston,jamie elphinston,jamie,elphinston,1721-12-06,city of edinburgh,eh1 2jy,,
Q2878295-9,Q2878295,james elphinston,james elphinston,james,elphinston,1721-12-06,edinburgh,eh1 2ap,,
Q2878295-10,Q2878295,jamie elphinston,jamie elphinston,jamie,elphinston,1721-12-06,edinburgh,eh1 2jy,male,
Q2878295-11,Q2878295,jacob elphinston,jacob elphinston,jacob,elphinston,1721-12-06,edinburgh,eh1 2jy,,
Q2878295-12,Q2878295,james eophinston,james eophinston,james,eophinston,1721-12-86,edinburgh,eh3 8an,male,
Q2878295-13,Q2878295,james elphinston,james elphinston,james,elphinston,1721-12-06,edinburgh,,,
Q2878295-14,Q2878295,jacob elphinston,jacob elphinston,jacob,elphinston,,edinburgh,,male,
Q2878295-15,Q2878295,james elphinston,james elphinston,james,elphinston,1721-12-16,,eh1 2jy,,
Q2878295-16,Q2878295,yakub elphinston,yakub elphinston,yakub,elphinston,1721-12-06,edinburgh,,,
Q2878295-17,Q2878295,james elphinston,james elphinston,james,elphinston,,edinburgh,,,
Q2878295-18,Q2878295,elphinston,elphinston,elphinston,,,,eh1 2jy,,
Q2878295-19,Q2878295,james,james,james,,1721-12-06,city of edinburgh,eh4 5ep,female,
Q2878295-20,Q2878295,jacob elphinston,jacob elphinston,jacob,elphinston,1721-42-06,,,,
Q2878295-21,Q2878295,elphinston,elphinston,elphinston,,,city of edinburgh,,male,
Q14623869-1,Q14623869,m. abbeyson,m. abbeyson,m.,abbeyson,1800-01-01,west northamptonshire,nn3 3dw,male,painter
Q14623869-2,Q14623869,m. abbeyson,m. abbeyson,m.,abbeyson,1800-01-01,west northamptonshire,nn3 3dw,male,painter
Q14623869-3,Q14623869,m. abbeyson,m. abbeyson,m.,abbeyson,1800-01-01,west northamptonshire,nn3 3dw,male,painter
Q14623869-4,Q14623869,agbeyson,agbeyson,agbeyson,,1800-01-01,west northamptonshire,nn3 3dw,male,painter
Q14623869-5,Q14623869,m. abbeyson,m. abbeyson,m.,abbeyson,1800-01-07,west northamptonshire,nn3 3dw,male,painter
Q14623869-6,Q14623869,m. abbeyson,m. abbeyson,m.,abbeyson,1800-01-01,west northamptonshire,nn3 3dw,male,painter
Q14623869-7,Q14623869,m. abbeyson,m. abbeyson,m.,abbeyson,,west northamptonshire,nn3 3dw,male,painter
Q14623869-8,Q14623869,abheyson,abheyson,abheyson,,1800-01-01,,nn3 3dw,male,painter
Q14623869-9,Q14623869,abbeysom,abbeysom,abbeysom,,1800-01-01,west northamptonshire,,male,painter
Q14623869-10,Q14623869,,,,,1800-07-01,west northamptonshire,nn3 3dw,male,painter
Q14623869-11,Q14623869,abb4yson,abb4yson,abb4yson,,1800-01-01,west northamptonshire,le7 3sr,,painter
Q14623869-12,Q14623869,m. abbeyson,m. abbeyson,m.,abbeyson,1800-01-01,west northamptonshire,nn3 3dw,male,painter
Q14623869-13,Q14623869,qbbeyson,qbbeyson,qbbeyson,,1800-01-01,west northamptonshire,nn3 3dw,male,
Q14623869-14,Q14623869,abbeysom,abbeysom,abbeysom,,1800-01-01,west northamptonshire,nn3 3dw,,
Q14623869-15,Q14623869,abbwyson,abbwyson,abbwyson,,,,,male,painter
Q14623869-16,Q14623869,sbbeyson,sbbeyson,sbbeyson,,1800-81-01,west northamptonshire,,male,
Q14623869-17,Q14623869,m. abbeyson,m. abbeyson,m.,abbeyson,,northampton,,male,
Q14623869-18,Q14623869,m. abbeyson,m. abbeyson,m.,abbeyson,1800-00-01,northampton,,,painter
Q14623869-19,Q14623869,m. abbeyson,m. abbeyson,m.,abbeyson,,,,,painter
Q14623869-20,Q14623869,abbeydon,abbeydon,abbeydon,,1800-11-01,,nn3 3dw,,
Q15431971-1,Q15431971,john stokoe,john stokoe,john,stokoe,1801-01-01,lambeth,sw2 2ja,male,
Q15431971-2,Q15431971,john stokoe,john stokoe,john,stokoe,1801-01-01,lambeth,sw2 2ja,male,
Q15431971-3,Q15431971,evan stokoe,evan stokoe,evan,stokoe,,lambeth,sw2 2ja,male,
Q15431971-4,Q15431971,john stokoe,john stokoe,john,stokoe,1801-11-01,lambeth,sw2 2ja,male,
Q15431971-5,Q15431971,jean stokoe,jean stokoe,jean,stokoe,1801-01-01,lambeth,,male,
Q15431971-6,Q15431971,stokoe,stokoe,stokoe,,,,sw2 2ja,male,
Q2960466-1,Q2960466,charles wood,charles wood,charles,wood,1702-01-01,wolverhampton,wv3 0tz,male,chemist
Q2960466-2,Q2960466,charles wood,charles wood,charles,wood,1702-01-01,wolverhampton,wv3 0tz,male,chemist
Q2960466-3,Q2960466,karl wood,karl wood,karl,wood,1702-01-07,wolverhampton,wv3 0tz,male,chemist
Q2960466-4,Q2960466,charles wood,charles wood,charles,wood,1702-01-01,wolverhampton,wv3 0tz,male,chemist
Q2960466-5,Q2960466,charles wood,charles wood,charles,wood,1702-01-01,wolverhampton,wv3 0tz,male,engineer
Q2960466-6,Q2960466,charles wood,charles wood,charles,wood,1702-01-01,wolverhampton,wv3 0tz,male,chemist
Q2960466-7,Q2960466,wpod,wpod,wpod,,1702-01-01,,,male,engineer
Q2960466-8,Q2960466,charles wood,charles wood,charles,wood,,wolverhampton,wv3 0tz,male,chemist
Q2960466-9,Q2960466,charles qood,charles qood,charles,qood,1702-07-01,,wv3 0tz,male,chemist
Q2960466-10,Q2960466,charles wood,charles wood,charles,wood,1702-21-01,wolverhampton,wv3 0tz,male,
Q2960466-11,Q2960466,karl wood,karl wood,karl,wood,1702-01-01,wolverhampton,ws15 3jg,,
Q2960466-12,Q2960466,cha5les wood,cha5les wood,cha5les,wood,,wolverhampton,wv9 5bn,male,
Q2960466-13,Q2960466,charles w9od,charles w9od,charles,w9od,,wolverhampton,wv3 0tz,,
Q2960466-14,Q2960466,charlie wood,charlie wood,charlie,wood,1702-01-01,wolverhampton,,female,
Q2960466-15,Q2960466,cbarles wood,cbarles wood,cbarles,wood,1702-02-01,wolverhampton,wv3 0tz,,
Q2960466-16,Q2960466,carl wood,carl wood,carl,wood,,wolverhampton,,female,metallurgist
Q105870978-1,Q105870978,charles gilder maundrell,charles maundrell,charles,maundrell,1860-01-01,copeland,ca28 6hb,male,painter
Q105870978-2,Q105870978,charles gilder maundrell,charles maundrell,charles,maundrell,1860-01-01,copeland,ca28 6hb,male,painter
Q105870978-3,Q105870978,carl maundrell,carl maundrell,carl,maundrell,1860-01-01,copeland,ca28 6hb,,painter
Q105870978-4,Q105870978,charlie gilder maundrell,charlie maundrell,charlie,maundrell,1860-81-01,copeland,ca28 6hb,male,
Q105870978-5,Q105870978,charlie gilder maundrell,charlie maundrell,charlie,maundrell,,copeland,ca28 6hb,,
Q105870978-6,Q105870978,charlie maundrell,charlie maundrell,charlie,maundrell,,,ca2i 6hb,,
Q6285571-1,Q6285571,joseph milner,joseph milner,joseph,milner,1744-01-02,leeds,ls2 9nn,male,presbyter
Q6285571-2,Q6285571,joseph milner,joseph milner,joseph,milner,1744-01-22,leeds,ls2 9nn,male,presbyter
Q6285571-3,Q6285571,joseph milner,joseph milner,joseph,milner,1744-01-02,leeds,,male,presbyter
Q6285571-4,Q6285571,joseph milner,joseph milner,joseph,milner,1744-01-02,leeds,ls2 9nn,male,presbyter
Q6285571-5,Q6285571,joseph milner,joseph milner,joseph,milner,1744-01-02,leeds,dl10 7ey,male,
Q6285571-6,Q6285571,joseph milner,joseph milner,joseph,milner,1744-01-82,leeds,ls25 5pp,male,presbyter
Q6285571-7,Q6285571,joseph milner,joseph milner,joseph,milner,1744-07-02,leeds,,male,
Q6285571-8,Q6285571,uoseph milner,uoseph milner,uoseph,milner,1744-01-02,leeds,,male,presbyter
Q6285571-9,Q6285571,joseph milner,joseph milner,joseph,milner,,leeds,ls2 9nn,male,presbyter
Q6285571-10,Q6285571,joseph,joseph,joseph,,,,ls2 9nn,,
Q6285571-11,Q6285571,joe milner,joe milner,joe,milner,,leeds,ls2 9nn,,presbyter
Q6285571-12,Q6285571,joe milner,joe milner,joe,milner,1744-81-02,,ls2 9nn,male,
Q6285571-13,Q6285571,joe milner,joe milner,joe,milner,,leeds,,,
Q1391460-1,Q1391460,solomon schechter,solomon schechter,solomon,schechter,1847-12-07,focșani,b42 2hs,male,
Q1391460-2,Q1391460,solomon schechter,solomon schechter,solomon,schechter,1847-12-07,focșani,b42 2hs,female,
Q1391460-3,Q1391460,solomon schechter,solomon schechter,solomon,schechter,1847-12-07,focșani,b42 2rl,male,
Q1391460-4,Q1391460,solomon schechter,solomon schechter,solomon,schechter,1847-12-07,focșani,b42 2hs,male,
Q1391460-5,Q1391460,solomon schechter,solomon schechter,solomon,schechter,1844-12-07,focșani,b42 2hs,male,
Q1391460-6,Q1391460,solomon schechter,solomon schechter,solomon,schechter,1847-12-07,focșani,b42 2hs,male,
Q1391460-7,Q1391460,sol schechter,sol schechter,sol,schechter,,focșani,b77 1lj,male,
Q1391460-8,Q1391460,solomon schechter,solomon schechter,solomon,schechter,,focșani,b42 2rl,male,
Q1391460-9,Q1391460,solomon schechter,solomon schechter,solomon,schechter,1847-12-07,,b42 2hs,male,
Q1391460-10,Q1391460,sol schechter,sol schechter,sol,schechter,1847-12-07,focșani,b42 2hs,male,
Q1391460-11,Q1391460,sol schechter,sol schechter,sol,schechter,1847-12-07,focșani,,,
Q1391460-12,Q1391460,solomob schechter,solomob schechter,solomob,schechter,1847-12-07,focșani,b42 2hs,female,
Q1391460-13,Q1391460,sol schechter,sol schechter,sol,schechter,1847-13-07,focșani,b42 2hs,,
Q1391460-14,Q1391460,sol schechter,sol schechter,sol,schechter,,focșani,b42 2hs,male,
Q1391460-15,Q1391460,solomon schechter,solomon schechter,solomon,schechter,1847-12-01,focșani,b42 2pa,male,
Q1391460-16,Q1391460,solomon schechter,solomon schechter,solomon,schechter,1847-12-07,focșani,,male,
Q1391460-17,Q1391460,sol schechter,sol schechter,sol,schechter,,focșani,,,
Q1391460-18,Q1391460,schechter,schechter,schechter,,,,,,
Q1391460-19,Q1391460,solomon schwchter,solomon schwchter,solomon,schwchter,1857-12-07,focșani,,male,
Q1391460-20,Q1391460,sol schechter,sol schechter,sol,schechter,,focșani,,,
Q5497253-1,Q5497253,frederick anderson,frederick anderson,frederick,anderson,1855-11-17,runnymede,tw20 0yb,male,businessperson
Q5497253-2,Q5497253,frederick andersson,frederick andersson,frederick,andersson,1855-11-17,runnymede,tw20 0yb,male,businessperson
Q5497253-3,Q5497253,frederick anderson,frederick anderson,frederick,anderson,1855-11-17,runnymede,tw20 0yb,male,businessperson
Q5497253-4,Q5497253,frederick anderson,frederick anderson,frederick,anderson,1854-11-17,,tw20 0yb,male,businessperson
Q5497253-5,Q5497253,fred anderson,fred anderson,fred,anderson,1855-11-17,runnymede,tw20 0yb,male,association football player
Q5497253-6,Q5497253,fred andersen,fred andersen,fred,andersen,1855-11-17,,tw20 0yb,male,
Q5497253-7,Q5497253,fred anderson,fred anderson,fred,anderson,,runnymede,tw20 0yj,male,businessperson
Q5497253-8,Q5497253,frederick anderson,frederick anderson,frederick,anderson,,runnymede,tw19 5ag,male,businessperson
Q5497253-9,Q5497253,fred andersson,fred andersson,fred,andersson,,runnymede,tw20 0xu,,
Q6219753-1,Q6219753,john auld,john auld,john,auld,1862-01-07,lugar,ka18 3hf,male,
Q6219753-2,Q6219753,john auld,john auld,john,auld,1862-01-07,lugar,ka18 3hf,male,
Q6219753-3,Q6219753,john auld,john auld,john,auld,1862-01-07,lugar,ka18 3hg,male,
Q6219753-4,Q6219753,jean auld,jean auld,jean,auld,1862-01-07,lugar,ka18 3he,male,
Q6219753-5,Q6219753,ian auld,ian auld,ian,auld,1862-01-07,,ka18 3hg,male,
Q6219753-6,Q6219753,jean auld,jean auld,jean,auld,1862-01-07,lugar,,male,
Q76368924-1,Q76368924,william rookes,william rookes,william,rookes,1719-01-01,havering,rm12 4eu,male,
Q76368924-2,Q76368924,william rookes,william rookes,william,rookes,1719-01-01,havering,rm12 4eu,male,
Q76368924-3,Q76368924,william rookes,william rookes,william,rookes,1719-01-01,havering,rm12 4eu,male,
Q76368924-4,Q76368924,william rookes,william rookes,william,rookes,1719-01-01,havering,rm12 4eu,male,
Q76368924-5,Q76368924,william rookes,william rookes,william,rookes,1719-01-01,havering,rm12 4eu,male,
Q76368924-6,Q76368924,william rookes,william rookes,william,rookes,1719-01-01,,rm12 4eu,,
Q76368924-7,Q76368924,william rookes,william rookes,william,rookes,1719-01-01,havering,rm12 4eu,male,
Q76368924-8,Q76368924,william rookes,william rookes,william,rookes,,havering,rm12 4eu,male,
Q76368924-9,Q76368924,will rookes,will rookes,will,rookes,1719-01-01,havering,rm12 4eu,male,
Q76368924-10,Q76368924,rookez,rookez,rookez,,,havering,rm12 4eu,,
Q76368924-11,Q76368924,rookes,rookes,rookes,,1719-01-01,havering,rm12 4eu,,
Q76368924-12,Q76368924,williams rookes,williams rookes,williams,rookes,1719-01-01,havering,,male,
Q76368924-13,Q76368924,william rookes,william rookes,william,rookes,1718-01-01,havering,,,
Q76368924-14,Q76368924,w9lliam rookes,w9lliam rookes,w9lliam,rookes,1719-01-01,havering,da9 9sb,male,
Q76368924-15,Q76368924,willie rookes,willie rookes,willie,rookes,,havering,,male,
Q76368924-16,Q76368924,willie rookes,willie rookes,willie,rookes,,havering,,male,
Q76368924-17,Q76368924,william rookrs,william rookrs,william,rookrs,,havering,rm12 4ez,male,
Q76368924-18,Q76368924,eilliam rookes,eilliam rookes,eilliam,rookes,,,rm6 5sd,male,
Q17626939-1,Q17626939,edward lloyd,edward lloyd,edward,lloyd,1845-03-19,manchester,m21 9lu,male,cricketer
Q17626939-2,Q17626939,eddy lloyd,eddy lloyd,eddy,lloyd,1845-83-19,manchester,m21 9lu,male,cricketer
Q17626939-3,Q17626939,edward wynell lloyd,edward lloyd,edward,lloyd,1845-03-19,manchester,,,cricketer
Q17626939-4,Q17626939,eddie wynell lloyd,eddie lloyd,eddie,lloyd,1845-03-19,manchester,,,cricketer
Q344865-1,Q344865,thomas middleton,thomas middleton,thomas,middleton,1580-04-28,london,sw1h 0nb,male,
Q344865-2,Q344865,thomas middleton,thomas middleton,thomas,middleton,1580-04-28,london,sw1h 0nb,male,
Q344865-3,Q344865,thomas middlet9n,thomas middlet9n,thomas,middlet9n,,westminster,,,
Q20713208-1,Q20713208,duncan stewart,duncan stewart,duncan,stewart,1860-01-01,greenock,pa15 1jz,male,association football player
Q20713208-2,Q20713208,duncan stewart,duncan stewart,duncan,stewart,1860-01-01,greenock,pa15 1jz,male,association football player
Q20713208-3,Q20713208,duncan stuart,duncan stuart,duncan,stuart,1860-01-01,greenock,pa15 1jz,male,association football player
Q20713208-4,Q20713208,duncan stewart,duncan stewart,duncan,stewart,1860-01-01,greenock,pa15 1jz,male,association football player
Q20713208-5,Q20713208,duncan stewart,duncan stewart,duncan,stewart,1860-04-01,greenock,pa15 1js,male,association football manager
Q20713208-6,Q20713208,duncan stewart,duncan stewart,duncan,stewart,,,pa15 1jz,,
Q20713208-7,Q20713208,duncaj stewart,duncaj stewart,duncaj,stewart,,greenock,,male,
Q20713208-8,Q20713208,duncan stuart,duncan stuart,duncan,stuart,1860-01-01,greenock,pa15 1jz,male,
Q20713208-9,Q20713208,duncan steward,duncan steward,duncan,steward,,greenock,pa15 1jz,,
Q6760008-1,Q6760008,margaret weedon,margaret weedon,margaret,weedon,1854-01-01,westminster,w9 2pf,female,archer
Q6760008-2,Q6760008,margaret weedon,margaret weedon,margaret,weedon,1854-01-01,westminster,w9 2pf,female,archer
Q6760008-3,Q6760008,madge weedon,madge weedon,madge,weedon,1854-01-01,westminster,w9 2pf,female,archer
Q6760008-4,Q6760008,margaret weedon,margaret weedon,margaret,weedon,1854-01-01,westminster,,female,archer
Q6760008-5,Q6760008,margaret weedon,margaret weedon,margaret,weedon,1854-01-01,westminster,w9 2pf,,archer
Q6760008-6,Q6760008,maggie weedon,maggie weedon,maggie,weedon,,,w9 2pf,female,archer
Q6760008-7,Q6760008,weedon,weedon,weedon,,1854-01-01,,w9 2pf,female,archer
Q6760008-8,Q6760008,margaret,margaret,margaret,,1854-01-01,westminster,w9 2pf,female,archer
Q6760008-9,Q6760008,weedon,weedon,weedon,,,westminster,,female,archer
Q6760008-10,Q6760008,margaret weedon,margaret weedon,margaret,weedon,1857-01-01,westminster,,,archer
Q6760008-11,Q6760008,weedon,weedon,weedon,,1854-01-01,,,female,archer
Q6760008-12,Q6760008,maggie,maggie,maggie,,1854-01-11,westminster,,,
Q6760008-13,Q6760008,may weedon,may weedon,may,weedon,1854-01-01,westminster,w9 2pf,,archer
Q6760008-14,Q6760008,may weedon,may weedon,may,weedon,1854-01-01,westminster,w9 2pf,female,
Q6760008-15,Q6760008,margaret weeron,margaret weeron,margaret,weeron,,,w9 2pf,,
Q6760008-16,Q6760008,margaret,margaret,margaret,,,,,,
Q6760008-17,Q6760008,marguerite weedon,marguerite weedon,marguerite,weedon,1854-01-01,westminster,w9 2pf,female,
Q59656531-1,Q59656531,henderina scott,henderina scott,henderina,scott,1862-07-18,brixton,sw9 7jd,female,
Q59656531-2,Q59656531,henderina scott,henderina scott,henderina,scott,1862-07-28,brixton,sw9 7jd,female,
Q59656531-3,Q59656531,henderina scott,henderina scott,henderina,scott,1862-07-78,brixton,sw9 7jd,female,
Q59656531-4,Q59656531,henderina scott,henderina scott,henderina,scott,1862-07-18,brixton,mk17 9aj,female,
Q59656531-5,Q59656531,henderina,henderina,henderina,,1862-07-18,brixton,sw9 7jd,female,
Q59656531-6,Q59656531,henderina scott,henderina scott,henderina,scott,1862-04-18,lambeth,sw9 7jd,female,
Q59656531-7,Q59656531,henderina scott,henderina scott,henderina,scott,1862-07-18,brixton,sw9 0qe,female,
Q59656531-8,Q59656531,henderima scott,henderima scott,henderima,scott,1862-07-18,lambeth,sg12 0et,female,
Q59656531-9,Q59656531,henderina sfott,henderina sfott,henderina,sfott,,brixton,sw9 7jd,female,
Q59656531-10,Q59656531,henderina scort,henderina scort,henderina,scort,1862-07-18,,sw9 7jd,female,
Q59656531-11,Q59656531,henddrina scott,henddrina scott,henddrina,scott,1862-08-18,lambeth,,,
Q4800747-1,Q4800747,arthur woollgar verrall,arthur verrall,arthur,verrall,1851-02-05,caerphilly,cf83 8gh,male,classical scholar
Q4800747-2,Q4800747,art woollgar verrall,art verrall,art,verrall,1851-02-05,caerphilly,cf83 8gh,male,classical scholar
Q4800747-3,Q4800747,artur verrall,artur verrall,artur,verrall,1851-02-05,caerphilly,cf83 8gh,male,
Q4800747-4,Q4800747,arthur woollgar verrall,arthur verrall,arthur,verrall,1851-02-05,caerphilly,cf83 8gh,male,classical scholar
Q4800747-5,Q4800747,arthur verrall,arthur verrall,arthur,verrall,1851-02-05,caerphilly,,,classical scholar
Q4800747-6,Q4800747,arthur verrall,arthur verrall,arthur,verrall,,,cf83 8fz,male,
Q4668868-1,Q4668868,abraham garrod thomas,abraham thomas,abraham,thomas,1853-10-05,cardiganshire,sy23 5nw,male,politician
Q4668868-2,Q4668868,abraham thomas,abraham thomas,abraham,thomas,1853-20-05,cardiganshire,sy23 5nw,male,politician
Q4668868-3,Q4668868,abraham thomas,abraham thomas,abraham,thomas,1853-10-05,cardiganshire,sy23 5nw,female,politician
Q4668868-4,Q4668868,abraham thomas,abraham thomas,abraham,thomas,1853-10-05,ceredigion,sy23 5nw,male,politician
Q4668868-5,Q4668868,abraham thomas,abraham thomas,abraham,thomas,1853-10-05,cardiganshire,sy23 5nw,,politician
Q4668868-6,Q4668868,abraham thomas,abraham thomas,abraham,thomas,,llangwyryfon,sy23 5nw,,politician
Q4668868-7,Q4668868,ibrahim garrod thom,ibrahim thom,ibrahim,thom,1853-10-05,cardiganshire,sy23 5nw,,
Q4668868-8,Q4668868,abe thom,abe thom,abe,thom,,cardiganshire,sy23 5nw,,politician
Q4668868-9,Q4668868,abram thom,abram thom,abram,thom,,ceredigion,sy23 5nw,,politician
Q4668868-10,Q4668868,abram tommy,abram tommy,abram,tommy,,llangwyryfon,sy23 5nw,male,
Q18534126-1,Q18534126,anne walker,anne walker,anne,walker,1631-01-01,greenwich,se18 6dl,female,
Q18534126-2,Q18534126,anne walker,anne walker,anne,walker,1631-01-01,greenwich,se18 6dl,female,
Q18534126-3,Q18534126,anne walke4,anne walke4,anne,walke4,1631-01-01,greenwich,se18 6dl,female,
Q18534126-4,Q18534126,ann walker,ann walker,ann,walker,1631-01-21,greenwich,se7 7rz,female,
Q18530682-1,Q18530682,rachel jevon,rachel jevon,rachel,jevon,1627-01-01,southend-on-sea,ss2 6ew,female,
Q18530682-2,Q18530682,rachel jevon,rachel jevon,rachel,jevon,1627-01-01,southend-on-sea,ss99 1bh,female,
Q18530682-3,Q18530682,rachel jegon,rachel jegon,rachel,jegon,1627-01-01,southend-on-sea,ss99 1bl,female,
Q18530682-4,Q18530682,jevon,jevon,jevon,,,southend-on-sea,ss2 6ew,,
Q18527381-1,Q18527381,john murray,john murray,john,murray,1851-01-01,swindon,sn6 7dq,male,publisher
Q18527381-2,Q18527381,john murray,john murray,john,murray,1851-01-01,swindon,sn6 7dq,male,publisher
Q18527381-3,Q18527381,sir murray,sir murray,sir,murray,1851-01-01,swindon,sn6 7dq,male,publisher
Q18527381-4,Q18527381,john murray,john murray,john,murray,1851-01-01,swindon,sn6 7qj,male,publisher
Q18527381-5,Q18527381,john murray,john murray,john,murray,1851-01-01,swindon,sn6 7dq,male,
Q18527381-6,Q18527381,john murray,john murray,john,murray,1851-01-01,swindon,,male,publisher
Q18527381-7,Q18527381,john morrow,john morrow,john,morrow,1851-21-01,swindon,gl7 3hd,male,publisher
Q18527381-8,Q18527381,sir joan murray,sir murray,sir,murray,,highworth,,male,publisher
Q18527381-9,Q18527381,john murray,john murray,john,murray,1851-01-01,swindon,sn6 7dq,male,publisher
Q18527381-10,Q18527381,john murray,john murray,john,murray,1851-01-01,highworth,sn6 7dq,male,publisher
Q18527381-11,Q18527381,sir john murray,sir murray,sir,murray,1851-01-01,swindon,sn6 7dq,,
Q18527381-12,Q18527381,sir jean (iv) morrow,sir morrow,sir,morrow,1852-01-01,swindon,sn6 7dq,,
Q18527381-13,Q18527381,john murray,john murray,john,murray,1851-01-01,swindon,sn6 7bz,male,
Q18527381-14,Q18527381,john murray,john murray,john,murray,1821-01-01,highworth,sn6 7dq,male,publisher
Q18527381-15,Q18527381,sir ian (iv) morrow,sir morrow,sir,morrow,1851-01-00,swindon,sn6 7dq,male,publisher
Q18527381-16,Q18527381,joan (iv) morrow,joan morrow,joan,morrow,1851-01-01,swindon,,,
Q18527381-17,Q18527381,sir (iv) murray,sir murray,sir,murray,1851-01-01,swindon,sn6 7dq,male,
Q18527381-18,Q18527381,jean morrow,jean morrow,jean,morrow,,swindon,gl7 3hd,male,
Q18527381-19,Q18527381,sir john murray,sir murray,sir,murray,,highworth,,male,publisher
Q18527381-20,Q18527381,sir john murray,sir murray,sir,murray,1851-01-01,highworth,sn6 7dq,male,
Q18527381-21,Q18527381,sir john (iv) murray,sir murray,sir,murray,1851-01-01,highworth,,,
Q98931469-1,Q98931469,robert dalziel,robert dalziel,robert,dalziel,1810-01-01,calderdale,hx3 6lg,male,painter
Q98931469-2,Q98931469,robert dalziel,robert dalziel,robert,dalziel,1810-01-01,calderdale,hx3 6lg,male,painter
Q98931469-3,Q98931469,robert dalziel,robert dalziel,robert,dalziel,1810-01-01,calderdale,hx3 6lg,male,painter
Q98931469-4,Q98931469,rob dalzell,rob dalzell,rob,dalzell,1810-11-01,calderdale,hx3 6lg,female,painter
Q98931469-5,Q98931469,robert dalziel,robert dalziel,robert,dalziel,1810-02-01,calderdale,hx3 6lg,male,painter
Q98931469-6,Q98931469,rupert,rupert,rupert,,,calderdale,hx3 6lg,male,painter
Q98931469-7,Q98931469,robert dalziel,robert dalziel,robert,dalziel,1810-01-01,calderdale,hx2 6lg,male,painter
Q98931469-8,Q98931469,robert dalziel,robert dalziel,robert,dalziel,1870-01-01,calderdale,hx4 6lg,male,
Q98931469-9,Q98931469,robert dalziel,robert dalziel,robert,dalziel,1810-01-01,calderdale,hx3 6lg,male,painter
Q98931469-10,Q98931469,rob dalzell,rob dalzell,rob,dalzell,,calderdale,hx3 6nr,male,painter
Q98931469-11,Q98931469,robert dalzell,robert dalzell,robert,dalzell,,calderdale,,male,
Q98931469-12,Q98931469,robert dalziel,robert dalziel,robert,dalziel,,,,,painter
Q98931469-13,Q98931469,bert dalzell,bert dalzell,bert,dalzell,1810-01-07,calderdale,,,
Q27917038-1,Q27917038,james lillicrap,james lillicrap,james,lillicrap,1770-01-01,pendle,bb18 5td,male,naval officer
Q27917038-2,Q27917038,james lillicrap,james lillicrap,james,lillicrap,1770-01-01,pendle,bb18 5td,male,naval officer
Q27917038-3,Q27917038,james lillicrap,james lillicrap,james,lillicrap,1770-01-01,pendle,bb18 5td,male,naval officer
Q27917038-4,Q27917038,james lillicrap,james lillicrap,james,lillicrap,1770-01-01,pendle,bb18 5td,,naval officer
Q27917038-5,Q27917038,jim lillicrap,jim lillicrap,jim,lillicrap,1771-01-01,,bb18 5td,male,naval officer
Q27917038-6,Q27917038,jay lillicrap,jay lillicrap,jay,lillicrap,,barnoldswick,bb18 5bz,,naval officer
Q27917038-7,Q27917038,jamew lillicrap,jamew lillicrap,jamew,lillicrap,1770-01-01,pendle,bb18 5td,male,naval officer
Q27917038-8,Q27917038,jacob lillicrap,jacob lillicrap,jacob,lillicrap,1770-81-01,barnoldswick,,male,
Q27917038-9,Q27917038,james lilkicrap,james lilkicrap,james,lilkicrap,,pendle,,,naval officer
Q27917038-10,Q27917038,jim lillicrap,jim lillicrap,jim,lillicrap,,pendle,,male,naval officer
Q15070194-1,Q15070194,william shipton,william shipton,william,shipton,1861-03-19,buxton,sk17 9rn,male,cricketer
Q15070194-2,Q15070194,william shipton,william shipton,william,shipton,1861-03-19,buxton,sk17 9rn,male,cricketer
Q15070194-3,Q15070194,willie shipton,willie shipton,willie,shipton,1861-03-19,buxton,sk17 9rn,male,cricketer
Q15070194-4,Q15070194,william shipton,william shipton,william,shipton,1861-03-79,buxton,sk17 9rn,male,cricketer
Q15070194-5,Q15070194,william shipton,william shipton,william,shipton,1861-03-19,buxton,sk17 9rn,male,cricketer
Q15070194-6,Q15070194,william shipton,william shipton,william,shipton,1861-03-19,buxton,sk17 9rn,male,cricketer
Q15070194-7,Q15070194,william shipton,william shipton,william,shipton,1861-03-19,high peak,sk17 9rn,,cricketer
Q15070194-8,Q15070194,william shipton,william shipton,william,shipton,1861-03-19,buxton,sk17 9rn,male,
Q15070194-9,Q15070194,william shipton,william shipton,william,shipton,,buxton,sk17 9rn,male,
Q15070194-10,Q15070194,william shipton,william shipton,william,shipton,1861-03-29,high peak,sk17 9rn,male,cricketer
Q15070194-11,Q15070194,william shipton,william shipton,william,shipton,1861-03-19,,,male,cricketer
Q15070194-12,Q15070194,william shipton,william shipton,william,shipton,,,sk17 9rn,male,
Q15070194-13,Q15070194,william luis shipton,william shipton,william,shipton,1861-03-79,high peak,sk17 9rw,male,
Q15070194-14,Q15070194,william shipton,william shipton,william,shipton,,buxton,sk17 9rn,male,
Q15070194-15,Q15070194,william louis shipton,william shipton,william,shipton,1861-03-19,buxton,sk17 9rn,,
Q15070194-16,Q15070194,william shipton,william shipton,william,shipton,,buxton,,male,
Q15070194-17,Q15070194,william shipton,william shipton,william,shipton,,high peak,sk17 9nb,,
Q15070194-18,Q15070194,william shipton,william shipton,william,shipton,1861-03-19,buxton,,,cricketer
Q15070194-19,Q15070194,bill louis,bill louis,bill,louis,1861-03-18,buxton,sk17 9rn,,
Q15070194-20,Q15070194,willie louis shipton,willie shipton,willie,shipton,,high peak,,male,
Q1700191-1,Q1700191,john george govan,john govan,john,govan,1861-01-19,govan,g51 2tl,male,businessperson
Q1700191-2,Q1700191,john george govan,john govan,john,govan,1861-01-19,govan,g51 2tl,male,businessperson
Q1700191-3,Q1700191,john govan,john govan,john,govan,,glasgow city,g51 2tl,,businessperson
Q1700191-4,Q1700191,jack,jack,jack,,,govan,,,
Q15990139-1,Q15990139,"sir edmund giles loder, 2nd baronet",sir baronet,sir,baronet,1849-08-07,london,bn14 7bg,male,
Q15990139-2,Q15990139,"sir edmund loder, 2nd baronet",sir baronet,sir,baronet,1849-08-07,london,bn14 7bg,male,
Q15990139-3,Q15990139,sir baronet,sir baronet,sir,baronet,1849-08-07,london,,male,
Q15990139-4,Q15990139,"sir ned loder, baronet",sir baronet,sir,baronet,1849-08-07,london,,male,
Q15990139-5,Q15990139,sir giles 2nd baronet,sir baronet,sir,baronet,1849-08-07,london,bn14 7bg,male,
Q15990139-6,Q15990139,sir 2nd baronet,sir baronet,sir,baronet,1849-08-07,lambeth,bn14 7bg,male,
Q15990139-7,Q15990139,sir edmund gyles 2nd baronet,sir baronet,sir,baronet,1849-08-07,london,bn14 7bg,male,
Q15990139-8,Q15990139,"sir giles loder, baronet",sir baronet,sir,baronet,1849-08-87,london,,male,
Q15990139-9,Q15990139,sir edmond baronet,sir baronet,sir,baronet,,lambeth,bn14 7bg,male,
Q15990139-10,Q15990139,sir loder,sir loder,sir,loder,1849-08-07,london,bn14 7bg,,
Q15990139-11,Q15990139,sir edmund,sir edmund,sir,edmund,1849-08-07,london,bn14 7as,male,
Q15990139-12,Q15990139,sir,sir,sir,,1849-88-07,london,bn8 4dz,,
Q15990139-13,Q15990139,2nd edmond gilles bt.,2nd bt.,2nd,bt.,1859-08-07,,bn14 7bg,,
Q15990139-14,Q15990139,bt.,bt.,bt.,,,lambeth,bn14 7bg,male,
Q15990139-15,Q15990139,sir baronet,sir baronet,sir,baronet,1849-08-07,london,,male,
Q15990139-16,Q15990139,"ned gilles loder, 2nd baronet",ned baronet,ned,baronet,1849-08-07,london,bn14 7bg,male,
Q15990139-17,Q15990139,2nd bt.,2nd bt.,2nd,bt.,,london,bn14 7ha,male,
Q485761-1,Q485761,frederick william frohawk,frederick frohawk,frederick,frohawk,1861-07-16,norfolk,nr20 3bs,male,
Q485761-2,Q485761,frederick william frohawk,frederick frohawk,frederick,frohawk,1861-07-16,norfolk,nr20 3bs,male,
Q485761-3,Q485761,frederick william frohawk,frederick frohawk,frederick,frohawk,1861-07-16,norfolk,nr20 3bs,male,
Q485761-4,Q485761,frohawk,frohawk,frohawk,,1861-07-16,norfolk,nr9 4dl,male,
Q485761-5,Q485761,frohawk,frohawk,frohawk,,1861-01-16,norfolk,nr20 3bz,male,
Q485761-6,Q485761,frederick william frohawk,frederick frohawk,frederick,frohawk,1861-07-16,norfolk,,male,
Q485761-7,Q485761,frederick william frohawk,frederick frohawk,frederick,frohawk,1861-07-16,norfolk,nr20 3bs,male,
Q485761-8,Q485761,f. w. frohawk,f. frohawk,f.,frohawk,1861-07-16,norfolk,,male,
Q485761-9,Q485761,william frohawk,william frohawk,william,frohawk,1861-07-16,,nr20 3bs,male,
Q485761-10,Q485761,frederick william,frederick william,frederick,william,1861-07-16,norfolk,nr20 3hb,male,
Q485761-11,Q485761,frederick william frohawk,frederick frohawk,frederick,frohawk,,norfolk,nr20 3bs,male,
Q485761-12,Q485761,fredrick william frohawk,fredrick frohawk,fredrick,frohawk,1881-07-16,norfolk,nr20 3bs,female,
Q485761-13,Q485761,frohawk,frohawk,frohawk,,,norfolk,,,
Q485761-14,Q485761,,,,,,,nr11 8pw,male,
Q1233791-1,Q1233791,alfred chilton pearson,alfred pearson,alfred,pearson,1861-10-08,london,se1 7sg,male,translator
Q1233791-2,Q1233791,alfred chilton pearson,alfred pearson,alfred,pearson,1861-10-08,london,se1 7sg,male,translator
Q1233791-3,Q1233791,alfred chilton pearson,alfred pearson,alfred,pearson,1861-10-08,london,se1 7sg,male,translator
Q1233791-4,Q1233791,alfred pearson,alfred pearson,alfred,pearson,1861-10-08,london,se1 7sg,male,classical philologist
Q1233791-5,Q1233791,alfred pearson,alfred pearson,alfred,pearson,1861-10-08,london,se1 7sg,male,translator
Q1233791-6,Q1233791,alfred pearson,alfred pearson,alfred,pearson,1861-10-08,london,,male,translator
Q1233791-7,Q1233791,fred chilton pearson,fred pearson,fred,pearson,1861-10-08,london,se1 7sg,male,translator
Q1233791-8,Q1233791,alfred pearson,alfred pearson,alfred,pearson,1861-10-08,london,se1 7sg,female,
Q1233791-9,Q1233791,fred pearson,fred pearson,fred,pearson,1861-10-08,london,se1 7sg,,
Q1233791-10,Q1233791,chilton pearson,chilton pearson,chilton,pearson,1861-10-08,london,se1 7sg,male,translator
Q1233791-11,Q1233791,fred pearson,fred pearson,fred,pearson,,london,,male,
Q1233791-12,Q1233791,fred pearson,fred pearson,fred,pearson,1861-10-08,london,se1 7sg,,barrister
Q1233791-13,Q1233791,a. pearson,a. pearson,a.,pearson,1861-10-06,,,male,
Q1233791-14,Q1233791,a. c. pearson,a. pearson,a.,pearson,,london,se1 7sg,male,
Q1233791-15,Q1233791,alfred chilton pearson,alfred pearson,alfred,pearson,1861-10-08,london,sw17 0qt,male,
Q1233791-16,Q1233791,fred pearson,fred pearson,fred,pearson,1861-10-09,london,,,barrister
Q1233791-17,Q1233791,fred,fred,fred,,,,,male,barrister
Q21466219-1,Q21466219,harold steward rathbone,harold rathbone,harold,rathbone,1858-01-01,gwynedd,ll35 0rd,male,painter
Q21466219-2,Q21466219,harold s. rathbone,harold rathbone,harold,rathbone,1858-01-01,gwynedd,ll35 0rd,male,painter
Q21466219-3,Q21466219,harry rathbone,harry rathbone,harry,rathbone,1858-01-01,gwynedd,ll35 0rd,male,painter
Q21466219-4,Q21466219,harold steward rathbone,harold rathbone,harold,rathbone,1858-01-01,,ll35 0rd,,
Q21466219-5,Q21466219,haeold rathbone,haeold rathbone,haeold,rathbone,1858-04-01,gwynedd,,male,painter
Q21466219-6,Q21466219,harold rathbone,harold rathbone,harold,rathbone,1859-01-01,,,male,
Q15960716-1,Q15960716,mary eliza kennard,mary kennard,mary,kennard,1850-01-01,three rivers,wd3 8le,female,novelist
Q15960716-2,Q15960716,mary eliza kennard,mary kennard,mary,kennard,1850-01-01,three rivers,wd3 8le,female,novelist
Q15960716-3,Q15960716,mary eliza kennard,mary kennard,mary,kennard,1850-01-01,three rivers,wd3 8le,female,novelist
Q15960716-4,Q15960716,mary kennard,mary kennard,mary,kennard,1852-01-01,three rivers,wd3 8le,female,novelist
Q15960716-5,Q15960716,mary kennard,mary kennard,mary,kennard,,three rivers,wd3 8le,female,novelist
Q15960716-6,Q15960716,mary eliza kennard,mary kennard,mary,kennard,1850-01-01,three rivers,wd3 8le,female,novelist
Q15960716-7,Q15960716,mary eliza kennard,mary kennard,mary,kennard,1850-01-81,three rivers,wd3 8le,female,novelist
Q15960716-8,Q15960716,mary eliza kennard,mary kennard,mary,kennard,1850-01-01,,wd3 8le,male,novelist
Q15960716-9,Q15960716,mary eliza kennard,mary kennard,mary,kennard,1850-01-01,three rivers,wd3 5et,female,novelist
Q15960716-10,Q15960716,mary eliza faber,mary faber,mary,faber,,chorleywood,,female,novelist
Q15960716-11,Q15960716,mrs kennard,mrs kennard,mrs,kennard,1850-01-04,three rivers,wd3 8le,,
Q15960716-12,Q15960716,mary kennard,mary kennard,mary,kennard,1858-01-01,three rivers,wd3 8le,female,
Q15960716-13,Q15960716,mary kennard,mary kennard,mary,kennard,,three rivers,wd3 8le,,novelist
Q15960716-14,Q15960716,mrs kennard,mrs kennard,mrs,kennard,1850-07-01,three rivers,,female,
Q15960716-15,Q15960716,mzry kennard,mzry kennard,mzry,kennard,1850-01-01,three rivers,,female,novelist
Q15960716-16,Q15960716,edward liza kennard,edward kennard,edward,kennard,1850-01-04,three rivers,,,
Q15960716-17,Q15960716,mary eliza faber,mary faber,mary,faber,,,,male,
Q15960716-18,Q15960716,maria faber,maria faber,maria,faber,1850-01-01,three rivers,wd3 5et,female,
Q15960716-19,Q15960716,mary liza faber,mary faber,mary,faber,,chorleywood,,,novelist
Q7660045-1,Q7660045,sydney morse,sydney morse,sydney,morse,1854-06-01,birmingham,b5 5ph,male,
Q7660045-2,Q7660045,sidney morse,sidney morse,sidney,morse,1854-06-01,birmingham,b5 5jh,male,
Q7660045-3,Q7660045,zydney morse,zydney morse,zydney,morse,,,,,
Q1607068-1,Q1607068,henry m. cadell,henry cadell,henry,cadell,1860-05-30,dover,ct14 7ew,male,geographer
Q1607068-2,Q1607068,henry m. cadell,henry cadell,henry,cadell,1860-05-30,dover,ct14 7ew,male,geographer
Q1607068-3,Q1607068,h.m. cadell,h.m. cadell,h.m.,cadell,,walmer,,,
Q2385895-1,Q2385895,charles henry tilson marshall,charles marshall,charles,marshall,1841-01-01,hambleton,dl8 2sf,male,ornithologist
Q2385895-2,Q2385895,carl harry marshall,carl marshall,carl,marshall,1841-01-01,hambleton,dl8 2sf,male,ornithologist
Q2385895-3,Q2385895,charles tilson marshall,charles marshall,charles,marshall,1841-01-01,hambleton,dl8 2sf,male,ornithologist
Q2385895-4,Q2385895,charles henry marshall,charles marshall,charles,marshall,1841-01-01,hambleton,dl8 2sf,male,ornithologist
Q2385895-5,Q2385895,charlie henry tilson marshall,charlie marshall,charlie,marshall,,hambleton,dl8 2sf,male,ornithologist
Q2385895-6,Q2385895,charles henry tilson marshall,charles marshall,charles,marshall,1841-01-01,hambleton,dl8 2sf,male,ornithologist
Q2385895-7,Q2385895,charles harry tilson marshall,charles marshall,charles,marshall,1851-01-01,hambleton,dl8 2sf,male,ornithologist
Q2385895-8,Q2385895,fharles tilson marshall,fharles marshall,fharles,marshall,1841-01-01,hambleton,dl8 2sf,male,ornithologist
Q2385895-9,Q2385895,charlie henry tilson marshall,charlie marshall,charlie,marshall,1841-11-01,hambleton,dl8 2sf,male,
Q2385895-10,Q2385895,charles henry tilson marshall,charles marshall,charles,marshall,1841-01-81,firby,dl8 2sf,male,ornithologist
Q2385895-11,Q2385895,charles marshall,charles marshall,charles,marshall,1841-01-01,hambleton,dl8 1rd,male,ornithologist
Q2385895-12,Q2385895,charley marshall,charley marshall,charley,marshall,,hambleton,dl8 2sf,male,ornithologist
Q2385895-13,Q2385895,charles tilson,charles tilson,charles,tilson,1841-01-01,firby,dl8 2sf,,
Q2385895-14,Q2385895,charlie henry marshall,charlie marshall,charlie,marshall,1841-01-01,hambleton,dl8 2sf,male,
Q2385895-15,Q2385895,charles henry,charles henry,charles,henry,,,,,
Q2385895-16,Q2385895,marshall,marshall,marshall,,,hambleton,,male,
Q2385895-17,Q2385895,charlie marshall,charlie marshall,charlie,marshall,1811-01-01,hambleton,yo61 2rz,,ornithologist
Q2385895-18,Q2385895,charles harry marshall,charles marshall,charles,marshall,,hambleton,dl7 9sy,,
Q2385895-19,Q2385895,charley tilson marshall,charley marshall,charley,marshall,1851-01-01,hambleton,,,
Q2385895-20,Q2385895,charlie harold tilson marshall,charlie marshall,charlie,marshall,,,,,ornithologist
Q2385895-21,Q2385895,charlie marshall,charlie marshall,charlie,marshall,,,,,
Q450199-1,Q450199,william davenant,william davenant,william,davenant,1606-02-01,oxford,ox1 1hz,male,
Q450199-2,Q450199,william davenant,william davenant,william,davenant,1606-02-01,oxford,ox1 1hz,male,
Q450199-3,Q450199,william,william,william,,1606-02-01,oxford,ox1 1hz,male,
Q450199-4,Q450199,william davenant,william davenant,william,davenant,1609-02-01,oxford,ox1 1hz,male,
Q450199-5,Q450199,willy davenant,willy davenant,willy,davenant,1606-02-01,oxford,ox1 1hz,male,
Q450199-6,Q450199,willie davenant,willie davenant,willie,davenant,,oxford,ox1 2hz,male,
Q450199-7,Q450199,will davenant,will davenant,will,davenant,1606-02-01,,,,
Q28966343-1,Q28966343,st john boultbee,st boultbee,st,boultbee,1843-04-30,west oxfordshire,ox7 5px,male,cricketer
Q28966343-2,Q28966343,st john boultbee,st boultbee,st,boultbee,1843-04-30,west oxfordshire,ox7 5px,male,cricketer
Q28966343-3,Q28966343,st john boultbee,st boultbee,st,boultbee,1843-04-38,west oxfordshire,,male,cricketer
Q28966343-4,Q28966343,st boultbee,st boultbee,st,boultbee,,,ox7 5px,male,cricketer
Q18735703-1,Q18735703,william farrer,william farrer,william,farrer,1861-01-01,rushmoor,gu14 8bu,male,
Q18735703-2,Q18735703,william farrer,william farrer,william,farrer,1881-01-01,rushmoor,gu14 8bu,male,
Q18735703-3,Q18735703,gwilym farrer,gwilym farrer,gwilym,farrer,1881-01-01,rushmoor,,,
Q15909904-1,Q15909904,john reeve,john reeve,john,reeve,1608-01-01,haringey,n17 6hy,male,
Q15909904-2,Q15909904,john reeve,john reeve,john,reeve,1608-01-01,haringey,n17 6hy,male,
Q15909904-3,Q15909904,john reeve,john reeve,john,reeve,1608-01-01,haringey,n17 6hy,,
Q15909904-4,Q15909904,john reeves,john reeves,john,reeves,1608-01-01,haringey,n17 6hy,male,
Q15909904-5,Q15909904,john reeve,john reeve,john,reeve,1608-01-01,haringey,,male,
Q15909904-6,Q15909904,john reeve,john reeve,john,reeve,1608-01-01,haringey,n17 6hy,male,
Q15909904-7,Q15909904,john reeve,john reeve,john,reeve,1608-01-01,haringey,n17 6hy,male,
Q15909904-8,Q15909904,john reeve,john reeve,john,reeve,1608-01-01,haringey,n17 6hy,male,
Q15909904-9,Q15909904,john reeves,john reeves,john,reeves,1608-01-01,haringey,n17 6hy,male,
Q15909904-10,Q15909904,jean,jean,jean,,1608-01-01,,n17 6na,male,
Q15909904-11,Q15909904,john reeves,john reeves,john,reeves,,haringey,n17 6hy,male,
Q15909904-12,Q15909904,john reeve,john reeve,john,reeve,1607-01-01,haringey,,male,
Q15909904-13,Q15909904,jean reeves,jean reeves,jean,reeves,1608-01-01,haringey,n17 6hy,male,
Q15909904-14,Q15909904,jogn reeve,jogn reeve,jogn,reeve,1608-00-01,haringey,n17 6hy,male,
Q15909904-15,Q15909904,jean reeve,jean reeve,jean,reeve,1608-01-01,haringey,,male,
Q15909904-16,Q15909904,joan reeves,joan reeves,joan,reeves,1608-02-01,,,male,
Q15909904-17,Q15909904,john reeves,john reeves,john,reeves,1608-01-01,haringey,n17 6hy,male,
Q15909904-18,Q15909904,john reeve,john reeve,john,reeve,1608-01-01,haringey,,male,
Q15909904-19,Q15909904,ian reeve,ian reeve,ian,reeve,1606-01-01,haringey,,male,
Q15909904-20,Q15909904,reeves,reeves,reeves,,1608-01-01,haringey,,,
Q20804689-1,Q20804689,alfred thomas davies,alfred davies,alfred,davies,1861-03-11,liverpool,l3 1dl,male,solicitor
Q20804689-2,Q20804689,alfred davies,alfred davies,alfred,davies,1861-03-11,liverpool,l3 1dl,male,civil servant
Q20804689-3,Q20804689,alfred thomas davies,alfred davies,alfred,davies,1861-03-11,liverpool,l3 1dl,male,solicitor
Q20804689-4,Q20804689,alfred thomas davies,alfred davies,alfred,davies,1861-03-11,liverpool,l3 1qy,male,solicitor
Q20804689-5,Q20804689,alfred t. davies,alfred davies,alfred,davies,,liverpool,l3 1dl,male,solicitor
Q20804689-6,Q20804689,fred davies,fred davies,fred,davies,1861-23-11,liverpool,l3 1dl,,civil servant
Q20804689-7,Q20804689,fred davis,fred davis,fred,davis,1861-03-11,liverpool,l3 1dl,male,civil servant
Q20804689-8,Q20804689,alfred tom davis,alfred davis,alfred,davis,,,l3 1dl,male,solicitor
Q20732788-1,Q20732788,david david williams,david williams,david,williams,1862-01-01,winchester,so22 5bz,male,minister
Q20732788-2,Q20732788,davey william,davey william,davey,william,1862-01-01,winchester,so22 5bz,male,minister
Q20732788-3,Q20732788,david,david,david,,,winchester,so22 5bz,male,minister
Q20732788-4,Q20732788,david williams,david williams,david,williams,1862-01-01,,so22 5bn,male,
Q20732788-5,Q20732788,david david williams,david williams,david,williams,1862-01-01,,so22 5bh,male,author
Q20732788-6,Q20732788,david williams,david williams,david,williams,,winchester,so22 5bz,male,minister
Q20732788-7,Q20732788,davy david william,davy william,davy,william,1865-01-01,,,male,minister
Q20732788-8,Q20732788,dave william,dave william,dave,william,1862-01-01,winchester,gu32 1bs,,minister
Q20732788-9,Q20732788,dave dave william,dave william,dave,william,,winchester,so22 5bh,,minister
Q20732788-10,Q20732788,dave william,dave william,dave,william,1862-02-01,winchester,,female,
Q20732788-11,Q20732788,davy william,davy william,davy,william,1862-01-81,winchester,so22 5bz,female,
Q5342762-1,Q5342762,edward elliott,edward elliott,edward,elliott,1800-01-01,richmond upon thames,tw9 4ed,male,songwriter
Q5342762-2,Q5342762,edward elliott,edward elliott,edward,elliott,1800-01-01,richmond upon thames,tw9 4ed,male,songwriter
Q5342762-3,Q5342762,edward elliott,edward elliott,edward,elliott,1800-01-01,richmond upon thames,tw9 4ed,male,songwriter
Q5342762-4,Q5342762,edward elliott,edward elliott,edward,elliott,1810-01-01,richmond upon thames,tw9 4ed,male,singer
Q5342762-5,Q5342762,edward,edward,edward,,,,tw9 4ed,male,songwriter
Q5342762-6,Q5342762,elliott,elliott,elliott,,1800-01-01,richmond upon thames,,,songwriter
Q5342762-7,Q5342762,elliot,elliot,elliot,,,richmond upon thames,tw9 4ed,,
Q6253053-1,Q6253053,john houfton,john houfton,john,houfton,1857-12-13,doncaster,s66 7an,male,businessperson
Q6253053-2,Q6253053,john houfton,john houfton,john,houfton,1857-12-13,doncaster,s66 7an,male,businessperson
Q6253053-3,Q6253053,john houfton,john houfton,john,houfton,1827-12-13,doncaster,,,
Q16029456-1,Q16029456,george vere benson,george benson,george,benson,1847-01-01,medway,me8 8nx,male,coroner
Q16029456-2,Q16029456,george vere benson,george benson,george,benson,1847-01-01,medway,me8 8nx,male,coroner
Q16029456-3,Q16029456,george vere benson,george benson,george,benson,1847-01-01,medway,me8 8nx,male,coroner
Q16029456-4,Q16029456,george benson,george benson,george,benson,1847-01-01,medway,me8 8nx,male,
Q16029456-5,Q16029456,georgina vere benson,georgina benson,georgina,benson,,medway,,male,
Q16029456-6,Q16029456,george ve5e benson,george benson,george,benson,1847-01-01,medway,me8 8nx,,
Q4722516-1,Q4722516,alfred davenport,alfred davenport,alfred,davenport,1849-05-05,oxford,ox2 6jw,male,rugby union player
Q4722516-2,Q4722516,fred davenport,fred davenport,fred,davenport,1849-05-05,oxford,ox2 6jw,male,rugby union player
Q4722516-3,Q4722516,alfred davenport,alfred davenport,alfred,davenport,,oxford,,male,rugby union player
Q4722516-4,Q4722516,alfred davenport,alfred davenport,alfred,davenport,1849-15-05,oxford,ox2 6jw,male,rugby union player
Q4722516-5,Q4722516,alfred davenport,alfred davenport,alfred,davenport,1848-05-05,oxford,,male,rugby union player
Q4722516-6,Q4722516,alfie davenport,alfie davenport,alfie,davenport,1848-05-05,oxford,,female,
Q4722516-7,Q4722516,fred davenport,fred davenport,fred,davenport,,,,male,
Q4722516-8,Q4722516,algred,algred,algred,,1849-05-15,,,,
Q609328-1,Q609328,john lavery,john lavery,john,lavery,1856-03-20,belfast,bt13 1al,male,painter
Q609328-2,Q609328,john lavery,john lavery,john,lavery,1856-03-20,belfast,bt13 1al,male,painter
Q609328-3,Q609328,john lavery,john lavery,john,lavery,1856-03-20,belfast,bt13 1al,male,painter
Q609328-4,Q609328,john lavery,john lavery,john,lavery,1856-03-20,belfast,bt1 2gy,male,painter
Q609328-5,Q609328,sir lavery,sir lavery,sir,lavery,1856-03-20,belfast,bt13 1al,male,painter
Q609328-6,Q609328,j. lavery,j. lavery,j.,lavery,1856-03-20,belfast,,male,painter
Q609328-7,Q609328,john lavery,john lavery,john,lavery,,belfast,bt13 1al,male,painter
Q609328-8,Q609328,john lavery,john lavery,john,lavery,1858-03-20,,bt13 1al,,painter
Q609328-9,Q609328,sir lavery,sir lavery,sir,lavery,1856-23-20,belfast,,male,
Q609328-10,Q609328,j. lavery,j. lavery,j.,lavery,1856-03-20,belfast,,,
Q609328-11,Q609328,john h. lavery,john lavery,john,lavery,1856-03-20,belfast,bt12 1al,male,painter
Q609328-12,Q609328,j. lavery,j. lavery,j.,lavery,1856-03-20,belfast,bt1 2fl,male,
Q609328-13,Q609328,john r.h. lavery,john lavery,john,lavery,1856-03-20,belfast,,male,painter
Q609328-14,Q609328,sir lavery,sir lavery,sir,lavery,1856-06-20,belfast,bt13 1al,male,
Q609328-15,Q609328,joan lavery,joan lavery,joan,lavery,1856-03-20,belfast,,,painter
Q609328-16,Q609328,john lavery,john lavery,john,lavery,1856-83-20,belfast,bt28 3sx,male,painter
Q609328-17,Q609328,sir john lavery,sir lavery,sir,lavery,1826-03-20,,bt13 1al,,
Q16030185-1,Q16030185,john thornton masser,john masser,john,masser,1855-06-24,forest of dean,gl14 2te,male,composer
Q16030185-2,Q16030185,john thornton masser,john masser,john,masser,1855-06-24,forest of dean,gl14 2te,male,composer
Q16030185-3,Q16030185,john masser,john masser,john,masser,1855-06-24,,gl14 2te,male,composer
Q16030185-4,Q16030185,john masser,john masser,john,masser,1855-06-24,forest of dean,,male,composer
Q16030185-5,Q16030185,ian masser,ian masser,ian,masser,1855-06-24,forest of dean,np25 3ss,male,composer
Q16030185-6,Q16030185,joan thornton masser,joan masser,joan,masser,1854-06-24,forest of dean,gl14 2te,male,composer
Q16030185-7,Q16030185,ian masser,ian masser,ian,masser,1885-06-24,forest of dean,hr8 2te,male,
Q16030185-8,Q16030185,john tho4nton masser,john masser,john,masser,,forest of dean,gl14 2te,male,composer
Q16030185-9,Q16030185,thornton masser,thornton masser,thornton,masser,,forest of dean,,female,composer
Q16030185-10,Q16030185,jack thornton,jack thornton,jack,thornton,1855-06-24,forest of dean,,,
Q16030185-11,Q16030185,jean masser,jean masser,jean,masser,1855-06-25,cinderford,hr8 2te,male,
Q6180874-1,Q6180874,richard slater,richard slater,richard,slater,1854-01-01,st albans,al3 7rq,male,hymnwriter
Q6180874-2,Q6180874,richard slater,richard slater,richard,slater,1854-01-01,st albans,al3 7rq,male,hymnwriter
Q6180874-3,Q6180874,richard slater,richard slater,richard,slater,1854-01-81,st albans,al3 7rq,male,hymnwriter
Q6180874-4,Q6180874,richard slater,richard slater,richard,slater,1854-01-01,st albans,al3 7al,male,hymnwriter
Q6180874-5,Q6180874,richard slater,richard slater,richard,slater,1854-01-01,st albans,al3 7al,male,hymnwriter
Q6180874-6,Q6180874,richard slater,richard slater,richard,slater,1854-07-01,st albans,al3 7rq,male,hymnwriter
Q6180874-7,Q6180874,richard slater,richard slater,richard,slater,1854-01-01,redbourn,al3 7rq,,hymnwriter
Q6180874-8,Q6180874,richard slater,richard slater,richard,slater,1857-01-01,st albans,al3 7rq,female,hymnwriter
Q6180874-9,Q6180874,richard slarer,richard slarer,richard,slarer,,redbourn,al3 7rq,,hymnwriter
Q6180874-10,Q6180874,richard slater,richard slater,richard,slater,1854-01-02,st albans,al3 7pf,male,hymnwriter
Q6180874-11,Q6180874,richard slater,richard slater,richard,slater,1854-01-01,,al5 2ay,male,
Q6180874-12,Q6180874,richard slater,richard slater,richard,slater,1854-01-01,st albans,al5 2ay,male,hymnwriter
Q6180874-13,Q6180874,richard slwter,richard slwter,richard,slwter,1854-01-81,,al3 7rq,male,hymnwriter
Q6180874-14,Q6180874,rivhard slater,rivhard slater,rivhard,slater,1854-01-01,redbourn,al3 7rq,,
Q6180874-15,Q6180874,rick,rick,rick,,1854-01-01,redbourn,,,hymnwriter
Q6180874-16,Q6180874,ricky slater,ricky slater,ricky,slater,1854-01-01,,al3 7rq,female,hymnwriter
Q6180874-17,Q6180874,dick slater,dick slater,dick,slater,1855-01-01,st albans,al3 7rq,,
Q6180874-18,Q6180874,richard skater,richard skater,richard,skater,1884-01-01,redbourn,,male,hymnwriter
Q6180874-19,Q6180874,slater,slater,slater,,1854-01-01,st albans,al3 7rq,male,hymnwriter
Q6180874-20,Q6180874,dick slater,dick slater,dick,slater,1854-01-01,,,,
Q8010084-1,Q8010084,william graham nicholson,william nicholson,william,nicholson,1862-03-11,eden,ca11 8ng,male,politician
Q8010084-2,Q8010084,william graham nicholson,william nicholson,william,nicholson,1862-03-11,eden,ca11 8ng,male,politician
Q8010084-3,Q8010084,william nicholson,william nicholson,william,nicholson,1862-03-11,eden,ca11 8ng,,politician
Q8010084-4,Q8010084,william graham nicholson,william nicholson,william,nicholson,,eden,ca11 8ng,male,politician
Q8010084-5,Q8010084,bill nicolson,bill nicolson,bill,nicolson,1892-03-11,penrith,ca11 8ng,,politician
Q4786274-1,Q4786274,"archibald corbett, 1st baron rowallan",archibald rowallan,archibald,rowallan,1856-05-23,rochdale,ol15 8pe,male,politician
Q4786274-2,Q4786274,"archibald corbett, rowallan",archibald rowallan,archibald,rowallan,1856-05-23,rochdale,ol15 8pe,male,politician
Q4786274-3,Q4786274,archibald rowallan,archibald rowallan,archibald,rowallan,1856-05-23,rochdale,ol15 8pe,male,politician
Q4786274-4,Q4786274,archibald baron rowallan,archibald rowallan,archibald,rowallan,1856-05-23,rochdale,ol15 8pe,male,politician
Q4786274-5,Q4786274,"archibald corbett, 1st baron rowallan",archibald rowallan,archibald,rowallan,1856-06-23,rochdale,ol15 8pe,male,
Q4786274-6,Q4786274,archibald 1st rowallan,archibald rowallan,archibald,rowallan,1853-05-23,rochdale,,female,
Q4786274-7,Q4786274,"archie corbett, baron corbet",archie corbet,archie,corbet,1856-05-23,rochdale,ol25 8pe,,
Q4786274-8,Q4786274,archie 1st baron corbet rowallan,archie rowallan,archie,rowallan,,rochdale,ol15 8pe,,
Q4786274-9,Q4786274,"archie corbett, baron rowallan",archie rowallan,archie,rowallan,,rochdale,ol15 8rt,,
Q4786274-10,Q4786274,archie corbet,archie corbet,archie,corbet,1856-02-23,rochdale,,male,
Q4786274-11,Q4786274,archie 1st baron rowallan,archie rowallan,archie,rowallan,,rochdale,,,
Q1512-1,Q1512,robert louis stevenson,robert stevenson,robert,stevenson,1850-11-13,edinburgh,eh4 1hw,male,essayist
Q1512-2,Q1512,rl bobby stephenson,rl stephenson,rl,stephenson,1850-11-13,edinburgh,eh4 1hw,male,essayist
Q1512-3,Q1512,robert louis stevenson,robert stevenson,robert,stevenson,1850-11-13,edinburgh,eh4 1hw,male,essayist
Q1512-4,Q1512,robert louis stevenson,robert stevenson,robert,stevenson,1820-11-13,edinburgh,eh4 1hw,male,essayist
Q1512-5,Q1512,robert,robert,robert,,,edinburgh,eh4 1hw,,
Q1512-6,Q1512,robert balfour stevenson,robert stevenson,robert,stevenson,1850-11-13,city of edinburgh,eh4 1hw,male,essayist
Q1512-7,Q1512,robert stevenson,robert stevenson,robert,stevenson,1850-11-13,edinburgh,eh3 8eh,male,songwriter
Q1512-8,Q1512,robert stevenson,robert stevenson,robert,stevenson,1850-11-13,edinburgh,eh4 1hw,male,songwriter
Q1512-9,Q1512,bobby stivenson,bobby stivenson,bobby,stivenson,,edinburgh,eh4 1hw,male,novelist
Q1512-10,Q1512,robert louis stevenson,robert stevenson,robert,stevenson,,edinburgh,eh4 1hw,,children's writer
Q1512-11,Q1512,stevenson,stevenson,stevenson,,,edinburgh,eh4 1hw,male,novelist
Q1512-12,Q1512,bob lewis stephenson,bob stephenson,bob,stephenson,1850-11-03,edinburgh,e5 0ry,male,
Q1512-13,Q1512,bobby lewis stephenson rls,bobby rls,bobby,rls,1850-11-13,edinburgh,,male,writer
Q1512-14,Q1512,balfour stevenson,balfour stevenson,balfour,stevenson,1850-11-13,city of edinburgh,eh4 1hw,male,
Q1512-15,Q1512,robert stivenson,robert stivenson,robert,stivenson,,edinburgh,eh4 1hr,,songwriter
Q1512-16,Q1512,bobby stephenson stivenson,bobby stivenson,bobby,stivenson,1852-11-13,edinburgh,eh4 1hw,,songwriter
Q1512-17,Q1512,robert loui sitivensin,robert sitivensin,robert,sitivensin,1850-17-13,,bh4 8an,,short story writer
Q1512-18,Q1512,stivenson,stivenson,stivenson,,,edinburgh,bh4 8an,male,
Q347133-1,Q347133,"george boleyn, viscount rochford",george rochford,george,rochford,1504-01-01,blickling hall,nr11 6pt,male,diplomat
Q347133-2,Q347133,george rochford,george rochford,george,rochford,1504-01-01,blickling hall,nr11 6pt,male,diplomat
Q347133-3,Q347133,george viscount rochford,george rochford,george,rochford,1504-01-01,blickling hall,nr11 6pt,male,diplomat
Q347133-4,Q347133,george viscount rochford,george rochford,george,rochford,1504-01-01,blickling hall,nr11 6pt,,politician
Q347133-5,Q347133,"george boleyn, viscount rochford",george rochford,george,rochford,1504-01-01,blickling hall,,male,diplomat
Q347133-6,Q347133,george,george,george,,1504-01-01,blickling hall,nr11 6pt,male,diplomat
